JanBunting,MeaBunting,plant_richness,plant_cover,plant_height,grass_pro,edge_den,lpi,patch_den,shannon_div,total_core_area,NDVI
0,1,8,0.7,25,0.9,65.7,80.58,12.88,0.48,19.08,134
0,1,4,0.7,35,0.7,95.93,65.99,25.84,0.66,16.29,90
0,1,2,0.6,18,0.86,0,100,3.22,0,25.74,120
1,1,5,0.6,15,0.58,50.24,80,9.66,0.55,20.61,114
1,0,9,0.9,22,0.81,90.12,46.51,29.07,0.78,16.38,104
1,0,5,0.6,14,0.95,0,100,3.22,0,25.83,107
1,0,7,0.9,15,0,7.75,97.67,6.46,0.11,24.93,106
1,1,9,0.8,30,0.92,77.52,68.6,19.38,0.77,16.38,94
0,1,7,0.9,14,0.99,0,100,3.21,0,25.83,94
1,0,7,0.6,13,0.99,64.73,81.16,22.54,0.48,19.44,128
0,1,6,0.8,19,0.86,40.7,90.7,16.15,0.33,20.97,96
0,1,4,0.7,30,0.92,51.51,93,35.63,0.32,20.34,110
1,0,5,0.6,22,0,0,100,3.23,0,25.74,101
1,0,3,0.4,6,0.79,10.63,97.97,6.44,0.1,25.11,91
1,0,5,0.9,7,0.95,9.69,99.13,6.46,0.05,24.75,96
0,1,7,0.8,12,0.83,109.5,77.91,29.07,0.63,14.85,109
1,0,10,0.8,26,0.67,66.67,88.41,19.32,0.35,19.26,93
1,0,6,0.9,14,0.76,51.36,61.34,12.92,0.68,20.43,96
1,0,3,0.9,58,0.48,33.82,52.46,6.44,0.69,21.51,109
1,0,3,0.5,14,0.85,36.93,93,12.96,0.25,21.78,98
1,0,4,0.8,26,0.96,0,100,3.22,0,25.83,98
0,1,6,0.9,9,0.94,23.19,90.14,9.66,0.32,23.4,138
0,1,7,0.9,7,0.85,101.16,56.94,48.17,1.1,15.12,149
0,1,8,0.9,15,0.81,31.7,91.07,12.81,0.35,22.77,142
0,1,7,1,20,0.47,49.42,65.12,16.15,0.64,20.43,132
0,1,8,0.9,17,0.56,100.48,49.57,35.43,0.76,15.39,128
0,1,5,0.7,10,0.42,107.56,52.91,38.76,0.91,15.21,129
0,1,8,0.9,11,0.92,108.5,76.25,32.58,0.71,14.94,135
0,1,8,0.8,18,0.61,55.23,86.92,22.61,0.39,20.52,131
0,1,8,0.9,17,0.94,73.22,60.12,19.27,0.67,17.1,137
0,1,4,0.5,5,1,0,100,3.24,0,25.56,123
0,1,7,1,9,0.91,116.91,65.8,28.99,0.89,14.4,125
0,1,4,0.8,23,0.06,43.48,55.07,12.88,0.8,21.24,118
0,1,2,0.5,7,0.59,155.04,46.8,29.07,0.92,9.72,117
0,1,8,0.8,20,0.49,89.41,37.61,19.44,1.13,16.47,115
0,1,8,0.1,10,0.94,3.84,99.42,6.4,0.04,25.74,121
0,1,3,0.05,4,0.82,0,100,3.23,0,25.74,121
1,1,8,0.9,10,0.79,16.43,95.36,6.44,0.19,24.12,121
0,1,4,0.1,5,0.61,56.84,81.79,16.06,0.53,20.34,121
0,1,7,0.5,9,0.75,7.77,99.13,6.48,0.05,24.75,121
0,1,4,0.6,9,0.85,13.57,98.26,6.46,0.09,24.21,118
0,1,4,0.3,4,0.98,19.32,95.94,9.66,0.17,23.58,105
0,1,2,0.8,6,0.45,38.65,58.55,12.88,0.74,21.24,105
0,1,4,0.25,7,0.74,2.91,99.71,6.46,0.02,25.65,121
1,1,5,0.3,6,0.97,82.13,82.03,38.65,0.53,18.72,119
1,0,5,0.9,12,0.41,34.78,57.97,9.66,0.68,22.05,109
1,0,7,0.95,16,0,0,100,3.22,0,25.83,94
1,0,4,0.6,12,0.44,66.67,51.3,12.88,0.68,18.63,87
0,1,4,0.4,4,0,0,100,3.29,0,25.2,106
0,1,3,0.3,8,0.8,59.9,84.06,9.66,0.44,18.99,98
1,0,5,0.75,18,0.89,0,100,3.21,0,25.83,96
0,1,3,0.7,13,0.98,0,100,3.23,0,25.74,102
1,0,4,0.7,16,0.98,0,100,3.21,0,25.92,102
1,0,4,0.6,12,0.81,48.17,85.55,6.42,0.41,21.51,106
1,0,4,0.8,23,0.7,78.26,60,12.88,0.67,18.45,114
1,0,5,0.5,14,0.68,85.27,58.14,25.84,0.74,16.92,98
1,0,5,0.9,19,0.87,55.39,67.35,12.96,0.61,20.43,98
1,0,3,0.9,21,0.85,0,100,3.27,0,25.38,100
1,0,3,0.85,16,0.96,0,100,3.21,0,25.92,98
1,0,5,0.8,12,0.98,0,100,3.22,0,25.83,92
1,0,4,0.9,18,0.92,0,100,3.24,0,25.47,101
1,0,4,0.7,16,0.83,0,100,3.2,0,25.92,93
1,0,4,0.7,16,0.95,0,100,3.22,0,25.83,99
1,0,3,0.6,24,0.93,3.89,99.42,6.48,0.04,25.47,87
0,1,5,0.7,30,0.96,10.63,97.39,6.44,0.12,24.93,93
1,0,4,0.6,30,0.91,0,100,3.21,0,25.83,88
0,1,4,0.9,18,0.97,123.67,46.67,41.87,0.83,12.87,131
0,1,4,0.5,17,0.94,111.11,55.36,19.32,0.87,14.22,121
0,1,4,0.5,9,0.83,36.93,87.17,12.96,0.4,21.6,116
0,1,5,0.7,12,0.72,54.6,89.94,15.96,0.33,19.62,120
0,1,6,0.8,11,0.49,62.8,65.8,22.54,0.66,18.36,120
0,1,4,0.8,4,0.61,114.67,51.6,29.15,0.69,13.86,117
0,1,6,0.9,6,0.42,96.9,52.62,12.92,0.69,15.39,104
0,1,3,0.5,12,0.36,137.6,65.12,29.07,0.86,13.14,100
0,1,6,0.9,9,0.07,17.39,90.72,9.66,0.3,24.12,114
0,1,5,0.2,6,0.95,114.37,48.39,22.81,0.98,13.59,127
0,1,6,0.8,9,0.82,74.61,75.87,16.15,0.69,17.1,117
1,0,8,0.9,20,0.98,4.82,98.84,6.42,0.06,25.29,95
0,1,5,0.4,2,0.96,0,100,3.23,0,25.74,109
1,0,7,0.9,27,0.99,77.29,57.97,38.65,0.54,18.27,107
1,0,7,0.85,22,0,0,100,3.23,0,25.74,99
1,0,6,0.7,20,0.98,24.22,97.09,12.92,0.14,23.67,99
1,0,6,0.5,14,0,56.2,89.24,16.15,0.34,20.07,103
1,0,4,0.8,7,1,125,44.19,32.3,0.85,12.06,99
1,0,7,0.7,16,0.97,27.05,95.36,6.44,0.19,22.5,102
1,0,5,0.6,10,0.95,36.61,95.66,16.06,0.18,21.78,102
1,0,4,0.5,8,0.79,0,100,3.22,0,25.74,94
1,0,8,0.4,20,0.99,45.28,91.62,22.48,0.31,22.23,99
0,1,4,0.7,4,0.83,107.56,37.79,29.07,0.8,15.12,102
1,0,5,0.8,30,0.99,15.5,98.26,9.69,0.09,23.94,109
1,0,5,0.8,26,1,0,100,3.23,0,25.74,106
1,0,6,0.7,24,1,9.63,98.55,9.63,0.08,25.02,108
1,0,5,0.8,24,0.98,31.79,95.66,16.06,0.18,22.77,107
1,0,5,0.8,24,0,0,100,3.25,0,25.56,107
1,0,5,0.7,18,0.98,0,100,3.2,0,25.92,99
1,0,6,0.7,20,0.59,61.84,82.32,22.54,0.65,19.71,99
1,0,5,0.5,23,0.33,75.8,86.88,32.39,0.52,18.63,60
1,0,5,0.7,18,0.85,50.53,84.26,19.44,0.48,19.89,98
1,0,4,0.5,17,0.66,23.26,96.51,12.92,0.15,23.22,100
1,0,4,0.6,22,0.79,46.92,91.2,9.78,0.3,20.07,85
1,0,6,0.8,20,0.96,56.53,89.77,16.24,0.4,19.71,96
1,0,9,0.9,24,0.92,38.65,59.13,12.88,0.71,21.6,99
1,0,7,0.8,18,0.93,41.43,54.62,6.42,0.69,21.15,113
0,1,4,0.5,8,0.6,43.35,64.16,9.63,0.65,21.24,92
1,0,5,0.7,26,0,0,100,3.23,0,25.74,105
1,0,6,0.8,25,0.97,5.81,98.84,6.46,0.06,25.2,98
0,1,6,0.8,8,0.81,33.62,89.91,9.61,0.33,22.14,109
0,1,5,0.7,32,0.99,0,100,3.21,0,25.92,114
0,1,6,0.8,16,0.92,0,100,3.21,0,25.83,107
1,0,4,0.6,28,0.79,38.76,90.7,16.15,0.34,21.87,122
0,1,4,0.8,6,0.27,78.26,46.38,12.88,0.68,16.65,104
1,0,4,0.6,4,0.49,25.19,93.31,9.69,0.25,22.59,103
0,1,2,0.9,2,0.75,102.04,79.3,42.11,0.65,15.21,102
0,1,6,0.8,10,0.65,0,100,3.24,0,25.65,97
1,0,3,0.7,22,0.87,23.12,93.06,9.63,0.26,23.4,103
1,0,3,0.8,31,0.65,52.17,87.25,19.32,0.42,21.69,104
1,0,3,0.7,50,0,0,100,3.22,0,25.83,111
1,0,3,0.7,64,0.96,0,100,3.19,0,25.92,103
1,0,3,0.8,6,0.36,72.46,74.78,16.1,0.56,18.09,103
1,0,1,0.9,18,0.94,58.14,80.81,25.84,0.6,21.06,123
0,1,4,0.8,6,0.82,48.85,77.3,12.77,0.56,20.7,120
1,0,4,0.9,18,0,0,100,3.21,0,25.92,123
1,0,6,0.95,31,0.91,45.54,62.79,19.38,0.75,20.25,106
1,0,1,1,15,0,0,100,3.24,0,25.65,125
0,0,6,0.8,44,0.9,36.71,91.01,12.88,0.32,21.96,154
0,0,3,0.7,33,0.94,66.86,77.91,19.38,0.46,19.44,124
0,0,5,0.5,32,0.87,48.45,84.3,16.15,0.56,20.88,137
0,0,5,0.25,6,0.96,28.27,92.11,13,0.26,22.41,140
0,0,3,0.75,8,0,48.03,66.86,12.81,0.65,20.43,135
0,0,3,0.5,6,0.89,50.53,90.38,19.44,0.32,19.71,128
0,0,6,0.9,12,0.98,9.63,99.13,9.63,0.06,25.02,119
0,0,6,0.5,8,0.63,3.85,99.71,6.42,0.02,25.47,122
0,0,5,0.6,10,0.47,135.27,42.03,38.65,0.68,11.7,101
0,0,6,0.4,9,0.68,0,100,3.21,0,25.92,136
0,0,6,0.4,6,0.8,75.14,89.02,51.38,0.48,19.26,124
0,0,1,0.4,3,0.86,27.21,92.42,12.96,0.3,22.5,122
0,0,4,0.6,15,0.7,2.88,99.71,6.4,0.02,25.83,99
0,0,5,0.4,8,0.6,16.43,93.62,6.44,0.24,24.12,124
0,0,6,0.7,12,0.3,81.89,51.73,16.06,0.69,16.65,117
0,0,8,0.6,18,0.89,0,100,3.24,0,25.65,126
0,0,6,0.2,12,0.51,71.5,66.67,19.32,0.64,17.55,132
0,0,3,0.05,8,0.78,68.6,40.87,12.88,0.54,17.37,125
0,0,3,0.1,4,0.79,50.39,52.03,12.92,0.67,18.99,130
0,0,5,0.9,29,0.53,38.65,87.83,9.66,0.37,21.96,124
0,0,3,0.4,16,0.06,3.84,99.71,6.4,0.02,25.47,125
0,0,4,0.7,11,0.87,0,100,3.23,0,25.74,111
0,0,4,0.4,15,0.93,0,100,3.22,0,25.83,131
0,0,5,0.45,11,0.48,0,100,3.22,0,25.74,130
0,0,4,0.9,10,0.72,0,100,3.24,0,25.65,142
0,0,5,0.8,6,0.15,0,100,3.22,0,25.74,124
0,0,5,0.95,23,0.55,0,100,3.23,0,25.74,125
0,0,5,0.75,24,0.53,0,100,3.22,0,25.83,122
0,0,7,0.8,20,0.27,0,100,3.24,0,25.56,131
0,0,4,0.8,21,0.1,0,100,3.22,0,25.83,111
0,0,6,0.9,27,0.46,0,100,3.24,0,25.65,110
0,0,7,0.9,23,0.23,0,100,3.24,0,25.65,127
0,0,4,0.95,32,0.19,0,100,3.22,0,25.83,126
0,0,5,0.9,48,0.69,0,100,3.23,0,25.74,127
0,0,5,0.95,28,0.57,0,100,3.23,0,25.74,125
0,0,5,0.95,28,0.41,0,100,3.24,0,25.65,118
0,0,6,0.8,38,0.36,0,100,3.21,0,25.83,119
0,0,5,0.7,42,0.5,9.72,99.13,9.72,0.05,24.48,119
0,0,6,0.7,27,0.57,0,100,3.22,0,25.83,121
0,0,7,0.75,25,0.05,0,100,3.21,0,25.83,114
0,0,5,0.6,8,0.07,0,100,3.23,0,25.74,124
0,0,5,0.5,6,0.09,0,100,3.2,0,25.92,117
0,0,5,0.4,6,0.04,0,100,3.26,0,25.38,121
0,0,6,0.5,10,0.19,0,100,3.24,0,25.65,121
0,0,4,0.55,4,0.1,0,100,3.22,0,25.74,106
0,0,5,0.6,6,0.35,9.69,98.26,9.69,0.09,24.93,121
0,0,5,0.65,8,0.42,0,100,3.23,0,25.74,113
0,0,6,0.7,8,0.23,0,100,3.23,0,25.74,123
0,0,6,0.9,10,0.6,0,100,3.23,0,25.74,124
0,0,8,0.7,16,0.1,155.56,41.16,61.19,1.24,10.89,32
0,0,3,0.8,9,0.31,156.52,37.97,48.31,1.02,11.16,95
0,0,4,0.7,8,0.63,85.99,53.62,41.87,0.78,17.64,123
0,0,9,0.4,18,0.42,124.03,45.06,51.68,0.83,13.95,114
0,0,3,0.5,10,0.68,104.65,74.13,54.91,0.77,16.83,83
0,0,7,0.8,29,0.76,46.38,89.57,25.76,0.39,21.6,129
0,0,5,0.3,4,0.26,93.99,85.47,25.84,0.43,16.38,75
0,0,7,0.5,14,0.32,84.06,62.9,32.21,0.65,18.09,122
0,0,5,0.3,14,0.32,164.74,56.65,48.17,0.83,8.82,78
0,0,8,0.4,14,0.54,116.28,65.12,45.22,0.85,15.3,126
0,0,5,0.8,29,0.19,36.93,93.88,19.44,0.26,21.33,61
0,0,3,0.6,7,0.71,37.68,81.45,16.1,0.53,21.6,57
0,0,8,0.5,13,0.92,0,100,3.22,0,25.83,136
0,0,7,0.4,12,0.84,109.18,70.14,54.75,0.88,16.92,156
0,0,3,0.2,18,0.85,40.58,84.64,12.88,0.56,20.97,132
0,0,6,0.6,13,0.91,2.87,99.71,6.39,0.02,25.83,120
0,0,3,0.7,52,0.28,169.1,41.98,55.07,0.78,8.82,80
0,0,3,0.4,7,0.5,67.44,84.97,9.63,0.42,17.82,126
0,0,8,0.8,28,0.82,76.55,85.76,35.53,0.52,18.36,128
0,0,5,0.4,8,0.98,1.93,99.71,6.42,0.02,25.74,124
0,0,3,0.4,7,0.99,19.32,98.26,16.1,0.09,23.94,127
0,0,2,0.7,7,0.68,42.66,93.15,19.84,0.29,20.97,109
0,0,4,0.5,6,0.96,11.59,98.84,9.66,0.07,24.48,115
0,0,5,0.4,5,0.96,1.94,99.71,6.48,0.02,25.47,119
0,0,4,0.9,5,0.99,32.76,95.38,19.27,0.19,21.69,109
0,0,5,0.7,7,0.9,0,100,3.23,0,25.65,139
0,0,7,0.9,12,0.79,8.7,98.55,9.66,0.08,25.38,134
0,0,3,0.9,9,0.91,120.42,69.65,38.54,0.6,12.69,136
0,0,7,0.5,7,0.95,0,100,3.2,0,25.92,121
0,0,6,0.4,6,0.76,0,100,3.23,0,25.74,122
0,0,4,0.8,6,0.85,0,100,3.22,0,25.83,94
0,0,4,0.3,11,0.95,18.36,90.43,9.66,0.32,23.67,127
0,0,4,0.3,6,0.89,0,100,3.23,0,25.74,134
0,0,4,0.5,6,0.87,25.94,93.95,12.81,0.25,22.95,110
0,0,5,0.6,8,0.57,0,100,3.24,0,25.56,127
0,0,4,0.5,8,0.64,7.68,98.56,6.4,0.08,25.38,128
0,0,5,0.8,26,0.38,0,100,3.22,0,25.83,127
0,0,2,0.9,7,0.05,0,100,3.21,0,25.92,114
0,0,4,0.9,11,0.67,0,100,3.21,0,25.83,111
0,0,5,0.5,10,0.05,0,100,3.23,0,25.74,119
0,0,7,0.8,31,0.53,0,100,3.31,0,24.84,131
0,0,7,0.9,50,0.04,0,100,3.23,0,25.74,127
0,0,8,0.8,13,0.5,0,100,3.21,0,25.83,124
0,0,5,0.2,13,0.55,118.22,54.65,35.53,0.74,12.06,56
0,0,7,0.2,20,0.26,66.67,81.74,16.1,0.49,18.72,74
0,0,7,0.05,5,0.28,74.4,63.77,19.32,0.62,18.81,81
0,0,4,0.5,8,0.7,76.02,51.46,22.74,0.81,17.82,110
0,0,5,0.9,47,0.84,43.6,93.31,25.84,0.25,21.87,122
0,0,5,0.9,12,0.54,75.36,82.61,19.32,0.55,18,92
0,0,6,0.65,18,0.41,141.06,43.77,41.87,1.03,11.79,76
0,0,6,0.7,15,0.78,78.26,44.64,28.99,1.03,17.73,125
0,0,5,0.7,21,0.94,0,100,3.21,0,25.83,128
0,0,7,0.8,16,0.91,26.09,95.94,6.44,0.17,22.77,133
0,0,5,0.8,11,0.81,57.17,86.34,22.61,0.5,20.88,116
0,0,4,0.55,9,0.73,67.44,90.17,35.32,0.41,18.99,76
0,0,6,0.9,40,0.24,29.69,94.25,9.58,0.22,23.31,114
0,0,2,0.4,33,0.1,47.21,93.64,6.42,0.24,20.79,123
0,0,6,0.9,42,0.28,0,100,3.24,0,25.65,152
0,0,8,0.8,15,0.86,4.79,99.43,6.39,0.04,25.56,125
0,0,7,0.9,24,0.13,41.55,61.74,9.66,0.57,20.43,126
0,0,6,0.8,28,0.44,0,100,3.21,0,25.83,123
0,0,5,0.6,20,0.9,0,100,3.23,0,25.74,127
0,0,4,0.8,7,0,0,100,3.21,0,25.92,132
0,0,7,0.5,28,0.68,19.38,96.8,12.92,0.16,24.21,104
0,0,2,0.9,38,0.19,2.89,99.42,6.42,0.04,25.74,121
0,0,5,0.7,10,0.62,65.89,85.47,29.07,0.53,20.07,52
0,0,7,0.9,26,0.58,90.3,79.83,32.02,0.58,16.2,75
0,0,5,0.5,20,0.8,114.94,54.02,25.54,0.99,14.94,116
0,0,7,0.5,10,0.67,81.42,84.77,31.93,0.6,17.73,133
0,0,4,0.7,9,0.05,0,100,3.22,0,25.83,125
0,0,6,0.6,11,0.92,12.49,98.27,9.61,0.1,24.84,120
0,0,6,0.4,8,0.71,8.8,97.95,6.52,0.1,24.57,112
0,0,7,0.7,8,0.67,9.66,99.13,9.66,0.05,24.57,113
0,0,6,0.9,8,0.48,0,100,3.22,0,25.83,116
0,0,4,0.9,59,0.31,0,100,3.23,0,25.74,113
0,0,7,0.6,8,0.17,0,100,3.22,0,25.83,129
0,0,7,0.7,4,0.1,0,100,3.19,0,25.92,124
0,0,5,0.6,8,0.48,0,100,3.22,0,25.83,122
0,0,4,0.85,7,0.31,0,100,3.2,0,25.92,134
0,0,5,0.7,8,0.08,0,100,3.23,0,25.74,132
0,0,5,0.7,8,0.29,0,100,3.22,0,25.83,120
0,0,5,0.6,6,0.04,0,100,3.22,0,25.83,134
0,0,5,0.5,4,0.02,0,100,3.22,0,25.83,131
0,0,4,0.5,6,0.07,0,100,3.22,0,25.74,129
0,0,5,0.4,6,0.14,0,100,3.21,0,25.92,127
0,0,7,0.3,10,0.12,0,100,3.21,0,25.92,120
0,0,6,0.6,8,0.38,0,100,3.31,0,25.02,125
0,0,2,0.5,14,0.01,0,100,3.22,0,25.74,129
0,0,4,0.7,6,0.01,0,100,3.23,0,25.74,121
0,0,5,0.3,7,0.04,0,100,3.23,0,25.65,123
0,0,5,0.7,8,0.47,0,100,3.22,0,25.83,122
0,0,7,0.7,8,0.93,0,100,3.23,0,25.74,121
0,0,5,0.6,8,0.83,0,100,3.23,0,25.74,101
0,0,7,0.4,6,0.06,0,100,3.22,0,25.83,129
0,0,4,0.7,6,0.08,0,100,3.22,0,25.83,109
0,0,6,0.6,6,0.29,0,100,3.23,0,25.74,119
0,0,6,0.7,12,0.38,0,100,3.24,0,25.65,134
0,0,4,0.4,5,0.75,2.9,99.71,6.44,0.02,25.74,107
0,0,6,0.5,6,0.47,73.64,76.45,45.22,0.68,18.63,102
0,0,5,0.6,8,0.15,0,100,3.23,0,25.65,112
0,0,6,0.7,5,0.21,0,100,3.23,0,25.74,121
0,0,6,0.6,7,0.53,0,100,3.22,0,25.83,127
0,0,5,0.5,6,0.45,0,100,3.23,0,25.74,118
0,0,6,0.6,12,0.58,0,100,3.22,0,25.83,110
0,0,5,0.9,16,0.39,0,100,3.22,0,25.74,82
0,0,4,0.7,9,0.49,10.66,98.26,6.46,0.09,24.84,118
0,0,6,0.6,9,0.69,22.29,96.8,12.92,0.16,23.13,122
0,0,7,0.9,14,0.78,49.42,93.31,16.15,0.27,20.61,149
0,0,7,0.8,21,0.46,88.18,55.52,22.61,0.85,14.67,129
0,0,3,0.7,13,0.93,18.3,95.38,6.42,0.19,23.58,116
0,0,5,0.8,10,0.92,33.04,95.34,9.72,0.19,21.96,105
0,0,5,0.9,7,0.87,23.19,73.91,6.44,0.57,22.86,121
0,0,5,0.9,25,0.67,24.3,67.93,6.48,0.63,22.5,129
0,0,5,0.85,10,0.8,6.78,97.67,6.46,0.11,24.93,78
0,0,5,0.6,7,0.87,68.6,73.04,16.1,0.58,19.26,128
0,0,7,0.7,11,0.86,9.72,95.63,6.48,0.18,24.48,118
0,0,5,0.5,6,0.45,32.85,92.17,16.1,0.3,22.86,116
0,0,3,0.7,15,0.97,32.85,96.52,19.32,0.17,23.04,43
0,0,7,0.7,9,0.9,19.32,97.1,6.44,0.13,23.58,99
0,0,7,0.7,12,0.99,33.82,95.65,12.88,0.2,22.68,100
0,0,9,0.7,14,0.97,92.75,82.61,32.21,0.53,16.29,20
0,0,3,0.9,14,0.98,61.3,75.86,25.54,0.66,18.99,120
0,0,6,0.9,12,0.97,0,100,3.23,0,25.74,119
0,0,4,0.8,9,0.91,7.73,99.13,6.44,0.05,24.93,115
0,0,5,0.8,14,0.89,0,100,3.21,0,25.92,112
0,0,3,0.9,17,0.9,54.26,86.92,19.38,0.48,20.25,112
0,0,5,0.7,12,0.94,0,100,3.23,0,25.74,72
0,0,5,0.7,21,0.96,25.12,96.52,16.1,0.17,22.68,72
0,0,5,0.3,15,0.7,93.02,63.66,16.15,0.62,16.65,74
0,0,5,0.6,8,0.94,10.66,98.55,9.69,0.09,24.84,97
0,0,5,0.4,24,0.59,2.91,99.71,6.46,0.02,25.56,109
0,0,6,0.9,52,0.86,0,100,3.22,0,25.74,142
0,0,10,0.95,45,0.95,0,100,3.23,0,25.74,131
0,0,7,0.8,37,1,84.81,86.39,32.87,0.5,18.45,143
0,0,6,0.4,22,0.87,0,100,3.21,0,25.83,138
0,0,7,0.7,20,0.82,7.71,99.13,6.42,0.05,24.93,108
0,0,4,0.95,34,0.96,0,100,3.21,0,25.92,115
0,0,6,0.5,21,0.27,0,100,3.22,0,25.83,121
0,0,6,0.6,14,0.85,0,100,3.2,0,25.92,98
0,0,7,0.7,25,0.96,0,100,3.23,0,25.74,110
0,0,6,0.7,12,0.44,0,100,3.23,0,25.65,115
0,0,7,0.5,23,0.38,0,100,3.22,0,25.83,121
0,0,5,0.8,17,0.11,0,100,3.23,0,25.74,124
0,0,8,0.5,24,0.18,0,100,3.26,0,25.38,119
0,0,5,0.7,33,0.32,0,100,3.24,0,25.65,119
0,0,6,0.7,19,0.72,0,100,3.2,0,25.92,119
0,0,7,0.9,23,0.44,0,100,3.25,0,25.47,116
0,0,6,0.8,8,0.83,0,100,3.22,0,25.83,119
0,0,7,0.7,9,0.82,7.82,99.12,6.52,0.05,24.48,114
0,0,7,0.8,6,0.79,0,100,3.23,0,25.65,107
0,0,5,0.7,7,0.96,0,100,3.2,0,25.92,119
0,0,6,0.8,10,0.84,0,100,3.23,0,25.74,112
0,0,4,0.4,5,0.98,2.9,99.71,6.44,0.02,25.65,106
0,0,5,0.5,6,0.65,0,100,3.23,0,25.74,126
0,0,5,0.5,6,0.73,9.78,98.53,6.52,0.08,24.12,124
0,0,6,0.4,8,0.62,0,100,3.22,0,25.74,111
0,0,7,0.8,9,0.81,0,100,3.23,0,25.65,123
0,0,5,0.9,32,0.46,5.8,99.42,9.66,0.04,25.29,121
0,0,8,0.95,40,0,177.78,62.32,48.31,0.78,9.18,129
0,0,7,0.95,29,0.97,152.13,61.63,29.07,0.74,10.89,113
0,0,8,0.95,25,0.72,42.03,91.79,13.03,0.28,21.06,116
0,0,6,0.9,17,0.99,176.36,59.88,48.45,0.81,11.16,125
0,0,7,0.9,41,0.9,94.96,79.36,41.99,0.59,17.19,112
0,0,5,0.8,43,0.46,0,100,3.23,0,25.74,121
0,0,5,0.8,35,0.15,26.16,89.83,9.69,0.33,22.68,111
0,0,6,0.7,9,0.42,0,100,3.26,0,25.38,117
0,0,7,0.6,10,0.9,3.86,99.13,6.44,0.05,25.47,108
0,0,8,0.7,18,0.41,0,100,3.23,0,25.74,98
0,0,8,0.7,27,0.62,0,100,3.21,0,25.92,114
0,0,6,0.8,24,0.57,0,100,3.22,0,25.83,110
0,0,7,0.7,37,0.01,0,100,3.21,0,25.83,101
0,0,5,0.8,21,0.04,0,100,3.23,0,25.74,113
0,0,6,0.7,13,0.23,0,100,3.23,0,25.74,114
0,0,6,0.7,10,0.73,0,100,3.23,0,25.74,112
0,0,5,0.8,9,0.56,15.5,95.93,9.69,0.18,23.94,117
0,0,8,0.7,14,0.13,1.93,99.71,6.44,0.02,25.65,109
0,0,4,0.7,8,0.15,0,100,3.22,0,25.83,105
0,0,6,0.7,40,0.19,0,100,3.23,0,25.65,103
0,0,6,0.7,18,0.07,0,100,3.22,0,25.83,104
0,0,3,0.8,29,0.27,0,100,3.21,0,25.92,108
0,0,5,0.7,42,0.4,0,100,3.22,0,25.74,103
0,0,5,0.9,24,0.09,0,100,3.22,0,25.74,107
0,0,7,0.7,27,0.25,0,100,3.19,0,25.92,99
0,0,5,0.8,40,0.83,0,100,3.22,0,25.74,92
0,0,8,0.7,23,0.81,0,100,3.2,0,25.92,99
0,0,4,0.6,23,0.47,0,100,3.19,0,25.92,101
0,0,5,0.5,8,0.99,0,100,3.22,0,25.74,107
0,0,8,0.6,33,0.52,7.8,99.12,6.5,0.05,24.66,81
0,0,4,0.5,6,0.84,3.86,99.71,6.44,0.02,25.29,106
0,0,6,0.7,36,0.86,21.32,97.67,9.69,0.11,23.4,115
0,0,6,0.5,21,0.77,29.87,95.95,16.06,0.19,22.68,110
0,0,3,0.7,20,1,27.86,88.47,12.81,0.35,23.22,120
0,0,5,0.8,13,0.22,106.9,52.48,35.63,0.62,15.39,117
0,0,6,0.6,16,0.59,93.99,78.49,25.84,0.56,14.4,90
0,0,3,0.8,23,0.11,63.77,81.45,25.76,0.65,19.08,114
0,0,6,0.7,30,0.17,15.41,98.55,12.85,0.08,24.12,108
0,0,4,0.8,17,0.03,21.26,95.36,12.88,0.21,24.3,104
0,0,4,0.4,18,0.33,0,100,3.23,0,25.74,122
0,0,3,0.7,13,0.51,76.11,74.57,22.48,0.64,18.36,108
0,0,7,0.6,15,0.54,40.58,91.3,12.88,0.31,21.69,107
0,0,6,0.7,14,0.65,95.65,72.17,25.76,0.53,15.12,92
0,0,4,0.6,16,0.55,52.17,48.41,12.88,0.88,20.25,113
0,0,7,0.7,8,0.69,70.33,45.66,25.69,0.95,18.54,127
0,0,5,0.8,7,0.93,40.58,83.77,22.54,0.44,22.23,88
0,0,5,0.8,16,0.9,28.99,94.78,16.1,0.23,23.76,114
0,0,7,0.7,12,0.51,43.6,56.69,9.69,0.68,20.79,118
0,0,6,0.9,13,0.85,128.72,77.81,35.22,0.58,14.67,109
0,0,5,0.7,16,0,82.13,63.48,19.32,0.65,16.83,99
0,0,6,0.8,17,0.88,38.65,93.04,12.88,0.28,21.6,113
0,0,8,0.7,36,0.97,31.01,91.86,9.69,0.28,22.32,105
0,0,5,0.5,17,0,50.24,68.12,12.88,0.59,20.7,123
0,0,6,0.85,19,0,45.41,87.83,12.88,0.37,21.15,107
0,0,6,0.9,32,0.82,22.29,88.08,12.92,0.4,23.13,120
0,0,5,0.2,14,0.54,58.94,90.43,35.43,0.37,20.61,59
0,0,4,0.7,25,0.86,0,100,3.21,0,25.83,107
0,0,8,0.7,18,0.96,0,100,3.23,0,25.65,103
0,0,4,0.5,8,0.98,0,100,3.22,0,25.83,90
0,0,6,0.7,12,0.98,0,100,3.23,0,25.74,100
0,0,6,0.6,11,0,3.86,99.71,6.44,0.02,25.38,97
0,0,6,0.8,9,0.95,5.78,99.42,9.63,0.04,25.29,95
0,0,5,0.8,12,0.98,0,100,3.2,0,25.83,107
0,0,6,0.7,16,1,0,100,3.24,0,25.47,84
0,0,5,0.6,14,1,0,100,3.22,0,25.83,105
0,0,6,0.8,8,0,0,100,3.22,0,25.74,98
0,0,4,0.7,10,0.99,16.43,96.52,6.44,0.15,24.12,95
0,0,3,0.7,6,0,13.53,98.26,9.66,0.09,24.03,112
0,0,9,0.9,17,0,34.68,88.73,6.42,0.35,21.96,96
0,0,10,0.9,16,0.96,0,100,3.24,0,25.47,103
0,0,4,0.7,16,1,0,100,3.24,0,25.65,101
0,0,7,0.9,16,1,0,100,3.26,0,25.38,129
0,0,3,0.7,5,0.99,0,100,3.22,0,25.83,106
0,0,4,0.9,21,0.98,55.23,58.72,12.92,0.65,19.98,137
0,0,5,0.8,8,0,0,100,3.23,0,25.74,99
0,0,5,0.7,8,0.98,3.86,99.42,6.44,0.04,25.65,123
0,0,8,0.8,26,0.94,101.74,56.98,29.07,0.68,14.76,90
0,0,3,0.5,24,0.65,57,83.48,22.54,0.56,19.98,92
0,0,4,0.6,10,0.92,18.41,96.8,12.92,0.16,23.94,99
0,0,7,0.6,8,0.74,3.88,99.71,6.46,0.02,25.29,90
0,0,3,0.3,8,0.57,0,100,3.22,0,25.83,88
0,0,7,0.9,35,0.13,31.88,95.65,12.88,0.2,22.5,109
0,0,7,0.6,14,0.71,44.7,83.67,16.2,0.53,20.88,92
0,0,3,0.2,9,0.9,0,100,3.21,0,25.83,96
0,0,4,0.7,8,0.38,10.63,98.55,9.66,0.08,25.02,88
0,0,6,0.9,14,0.7,63.95,59.01,25.84,0.67,19.17,115
0,0,5,0.7,12,0.93,75.8,70.26,29.15,0.57,18.63,56
0,0,6,0.6,20,0.98,42.51,88.7,12.88,0.37,22.23,100
0,0,4,0.6,5,0.08,19.32,90.72,9.66,0.33,23.04,78
0,0,3,0.5,7,0.66,26.24,93.88,16.2,0.25,22.68,88
0,0,4,0.2,29,0.03,62.98,67.15,19.38,0.62,19.71,75
0,0,4,0.4,7,0.39,63.54,87.1,39.1,0.47,19.62,83
0,0,4,0.8,11,0.07,29.07,94.77,19.38,0.21,22.14,130
0,0,5,0.7,4,0.13,60.87,54.49,16.1,0.72,18.99,102
0,0,6,0.8,8,0.3,59.9,86.67,32.21,0.47,20.34,45
0,0,6,0.6,6,0.6,86.49,66.47,35.63,0.68,16.92,76
0,0,9,0.9,7,0.93,154.21,33.05,35.12,1.07,11.79,95
0,0,3,0.7,6,0.82,37.57,73.7,6.42,0.58,21.51,78
0,0,7,0.6,9,0.96,21.38,98.25,12.96,0.09,23.67,101
0,0,4,0.7,33,0,45.41,82.32,22.54,0.47,20.7,116
0,0,6,0.7,12,0.97,3.88,99.71,6.46,0.02,25.38,109
0,0,5,0.5,22,0.99,27.78,70.98,6.39,0.6,22.59,130
0,0,6,0.7,13,0.66,93.45,77.75,35.32,0.7,16.74,110
0,0,4,0.7,10,0.98,25.12,97.97,22.54,0.11,23.13,106
0,0,8,0.6,19,0.99,80.19,60.58,12.88,0.67,17.01,135
0,0,5,0.6,14,0.3,1.94,99.71,6.46,0.02,25.56,107
0,0,4,0.7,9,0.96,13.57,98.26,9.69,0.09,24.66,86
0,0,4,0.6,16,0,49.28,77.1,9.66,0.53,20.34,101
0,0,3,0.5,10,0.11,17.39,95.94,16.1,0.21,24.21,86
0,0,4,0.7,5,0.92,0,100,3.24,0,25.47,86
0,0,2,0.7,5,0.9,0,100,3.22,0,25.83,97
0,0,5,0.5,9,0.83,7.75,99.42,9.69,0.04,24.93,118
0,0,5,0.7,11,0.97,0,100,3.23,0,25.65,98
0,0,3,0.4,5,0.85,3.86,99.71,6.44,0.02,25.47,94
0,0,6,0.6,11,0.8,138.57,64.24,54.91,0.83,12.15,103
0,0,6,0.8,29,0.74,27.05,90.43,9.66,0.32,22.95,99
0,0,10,0.9,40,0.89,56.04,50.43,12.88,0.69,19.44,103
0,0,6,0.9,28,0.72,53.45,87.46,16.2,0.37,20.34,109
0,0,6,0.8,13,0.86,71.91,81.92,29.15,0.58,18.18,98
0,0,7,0.7,19,0.77,90.12,61.05,29.07,0.97,17.01,110
0,0,6,0.7,18,0.71,113.04,68.12,19.32,0.68,14.85,115
0,0,5,0.8,17,0.45,119.46,63.58,25.69,0.83,13.5,96
0,0,5,0.9,23,0.75,59.73,56.36,16.06,0.68,19.08,99
0,0,7,0.6,12,0.88,100.19,61.56,28.9,0.84,16.56,99
0,0,6,0.6,10,0.82,0,100,3.22,0,25.83,95
0,0,5,0.7,13,0.54,40.58,95.36,22.54,0.22,21.96,94
0,0,8,0.9,15,0.69,63.58,52.02,25.69,0.72,19.08,106
0,0,8,0.7,32,0.67,45.15,50.43,16.01,0.69,21.06,104
0,0,6,0.6,19,0.38,77.29,73.33,19.32,0.58,16.74,95
0,0,4,0.6,14,0.76,24.22,78.49,6.46,0.52,22.68,95
0,0,4,0.9,16,0.63,21.32,97.38,6.46,0.12,23.49,96
0,0,8,0.8,34,0.75,82.13,57.68,9.66,0.68,17.73,114
0,0,4,0.3,29,0.76,53.45,81.05,16.2,0.48,20.25,103
0,0,5,0.7,27,0.74,82.13,52.17,25.76,0.69,17.37,100
0,0,3,0.3,4,0.46,15.5,97.38,12.92,0.13,24.12,83
0,0,5,0.6,9,0.88,38.76,95.35,16.15,0.21,22.05,100
0,0,7,0.5,20,0.87,99.81,49.71,29.07,0.84,15.57,87
0,0,4,0.8,30,0.67,167.62,43.97,38.31,0.82,9.99,105
0,0,5,0.7,22,0.95,53.29,92.44,19.38,0.29,20.88,107
0,0,6,0.9,22,0.67,70.94,63.27,22.68,0.61,18.45,99
0,0,6,0.7,14,0.45,21.32,90.12,6.46,0.32,23.31,104
0,0,6,0.7,14,0.84,58.94,89.28,22.54,0.35,19.98,108
0,0,3,0.6,10,0.66,71.91,72.3,22.68,0.74,17.82,87
0,0,5,0.8,22,0.68,75.36,72.75,28.99,0.67,18,100
0,0,5,0.7,11,0.75,68.8,84.3,22.61,0.54,18.63,110
0,0,3,0.5,8,0.01,10.66,96.51,6.46,0.15,24.48,129
0,0,3,0.5,23,0,16.28,89.66,6.39,0.33,23.67,99
0,0,7,0.5,20,0,26.16,97.38,19.38,0.13,23.04,147
0,0,5,0.5,32,0.03,44.06,93.39,19.16,0.29,21.24,131
0,0,4,0.5,13,0.81,103.98,65.89,35.63,0.74,15.57,118
0,0,5,0.6,6,0.89,16.47,98.26,9.69,0.09,24.3,107
0,0,3,1,7,0.42,91.79,48.7,28.99,1.01,15.75,20
0,0,4,0.6,5,0.52,85.02,85.51,35.43,0.57,17.73,126
0,0,4,0.9,9,0.81,66.86,61.92,29.07,0.9,19.26,125
0,0,2,0.5,7,0.86,124.64,20,35.43,0.93,11.88,127
0,0,3,1,16,0.73,5.8,99.42,6.44,0.04,25.11,138
0,0,4,0.2,17,0.81,109.83,77.17,25.69,0.66,14.67,125
0,0,4,0.4,6,0.97,7.75,99.42,9.69,0.04,25.02,105
0,0,4,0.95,10,0.99,50.24,90.14,28.99,0.36,20.88,134
0,0,3,0.7,8,0.98,5.76,98.56,6.4,0.08,25.29,128
0,0,3,0.5,6,0.97,0,100,3.22,0,25.83,119
0,0,3,0.2,6,0.79,139.13,55.36,32.21,0.89,13.23,136
0,0,4,0.7,7,0.62,94.27,63.27,25.92,0.9,16.83,123
0,0,4,0.9,6,0.75,24.22,59.01,6.46,0.68,22.5,135
0,0,3,0.5,5,0.29,55.07,46.96,12.88,0.45,19.35,116
0,0,3,0.8,6,0.69,62.98,75.29,22.61,0.57,18.81,130
0,0,3,0.7,5,0.42,0,100,3.21,0,25.83,125
0,0,3,0.4,8,0.65,21.26,94.78,9.66,0.2,23.76,91
0,0,4,0.2,6,0.4,0,100,3.24,0,25.65,120
0,0,3,0.8,11,0.88,72.67,50,22.61,0.58,16.65,113
0,0,3,0.3,6,0.94,17.44,97.09,9.69,0.13,23.4,121
0,0,3,0.4,4,0.88,20.23,97.11,9.63,0.14,23.85,111
0,0,2,0.2,5,0.07,41.55,94.49,16.1,0.21,22.5,90
0,0,5,0.8,7,0.94,0,100,3.23,0,25.74,124
0,0,3,0.8,9,0.83,0,100,3.24,0,25.47,125
0,0,4,0.6,6,0.88,12.45,97.7,6.39,0.11,24.84,123
0,0,4,0.6,6,0.83,33.82,80.29,9.66,0.5,22.41,117
0,0,6,0.7,6,0.67,26.09,63.48,6.44,0.66,22.59,110
0,0,3,0.4,5,0.64,41.43,64.74,9.63,0.65,21.42,132
0,0,3,0.3,5,0.92,11.59,95.94,9.66,0.19,24.66,88
0,0,2,0.4,5,0.87,0,100,3.22,0,25.74,119
0,0,5,0.5,4,0.95,0,100,3.21,0,25.92,121
0,0,6,0.9,5,0.99,0,100,3.22,0,25.74,116
0,0,4,0.4,5,0.6,40.58,65.51,6.44,0.64,20.97,123
0,0,7,0.85,12,0.56,40.7,55.52,9.69,0.68,21.24,154
0,0,8,0.9,16,0,17.39,98.26,12.88,0.1,23.67,141
0,0,7,0.7,12,0,22.22,97.39,19.32,0.14,24.12,139
0,0,6,0.8,13,0.99,21.07,91.67,9.58,0.28,23.76,140
0,0,9,0.95,14,0.97,69.97,84.55,9.72,0.43,18.27,143
0,0,4,0.8,5,0.97,20.29,97.39,22.54,0.12,24.21,120
0,0,4,0.6,5,1,5.8,99.13,9.66,0.06,25.56,113
0,0,5,0.9,5,1,0,100,3.22,0,25.83,138
0,0,7,0.9,7,0.9,51.51,57.43,9.72,0.68,19.98,129
0,0,7,0.4,14,0.38,15.46,97.39,9.66,0.12,24.3,109
0,0,4,1,8,0.93,0,100,3.24,0,25.65,135
0,0,5,0.5,9,0.32,0,100,3.23,0,25.74,128
0,0,6,0.5,13,0.79,108.84,66.18,35.63,0.73,14.4,119
0,0,7,0.8,12,0.9,0,100,3.22,0,25.83,130
0,0,5,0.9,12,0.95,0,100,3.22,0,25.74,126
0,0,6,0.3,10,0.68,0,100,3.19,0,25.92,127
0,0,4,1,12,0.98,55.07,73.91,19.32,0.61,19.62,127
0,0,7,1,20,0.43,55.23,37.79,9.69,0.62,19.08,127
0,0,8,1,20,0.38,0,100,3.23,0,25.74,130
0,0,5,0.8,6,0.91,0,100,3.23,0,25.74,128
0,0,9,1,19,0.94,0,100,3.22,0,25.74,126
0,0,8,0.9,11,0.99,0,100,3.23,0,25.74,135
0,0,4,0.9,6,0.89,0,100,3.21,0,25.83,113
0,0,6,1,15,0.73,65.89,61.92,12.92,0.63,18.36,140
0,0,6,1,16,0.77,70.86,65.87,23.29,0.64,16.74,124
0,0,6,1,9,0.86,39.73,72.97,12.92,0.64,20.79,65
0,0,8,1,13,0.98,23.32,96.21,16.2,0.16,23.58,130
0,0,6,0.9,14,0.99,28.02,92.46,6.44,0.27,22.59,142
0,0,7,1,11,0.99,82.6,76.09,25.92,0.65,17.46,130
0,0,5,1,14,0.97,23.26,97.38,12.92,0.13,23.22,128
0,0,9,1,26,0.78,43.73,76.97,25.92,0.59,21.51,131
0,0,10,1,17,0.89,88.18,63.95,29.07,0.87,16.65,154
0,0,4,0.9,15,0.79,136.23,42.03,28.99,1.07,12.24,144
0,0,7,0.8,14,0.55,115.61,59.25,32.11,0.81,15.39,136
0,0,8,1,20,0.68,105.31,50.14,35.43,0.9,14.22,153
0,0,6,1,23,0.83,81.87,52.92,29.24,0.76,17.01,129
0,0,6,0.9,10,0.71,70.94,55.39,22.68,0.88,18.72,137
0,0,7,0.9,11,1,152.22,66.18,57.8,0.84,11.52,132
0,0,6,0.8,11,0.6,30.3,54.25,6.52,0.69,21.78,134
0,0,4,0.9,7,0.98,58.14,91.57,29.07,0.31,19.98,146
0,0,2,1,23,0.83,92.75,71.01,41.87,0.72,16.11,117
0,0,4,1,11,0.89,128.5,37.1,28.99,1.07,12.33,135
0,0,4,1,21,0.47,102.42,51.88,22.54,1.01,15.3,134
0,0,3,0.9,8,0.61,124.28,54.62,35.32,0.82,13.68,124
0,0,2,1,16,0.25,23.19,92.46,16.1,0.29,23.58,123
0,0,4,0.9,21,0.2,9.69,99.13,9.69,0.05,24.57,128
0,0,5,0.9,17,0.39,52.33,39.83,19.38,1.09,20.16,140
0,0,8,0.9,19,0.78,74.61,48.84,25.84,0.74,17.55,135
0,0,4,0.2,12,0.81,184.54,39.42,51.53,1.28,7.47,140
0,0,7,1,21,0.54,91.52,38.15,28.9,1.07,15.21,122
0,0,5,1,22,0.71,110.14,42.03,25.76,1.09,15.21,129
0,0,4,0.8,16,0.46,75.36,45.22,25.76,0.71,17.91,141
0,0,7,0.9,21,0.3,55.72,63.69,25.62,0.72,20.25,123
0,0,6,0.7,14,0.25,25.12,94.49,12.88,0.25,23.76,160
0,0,4,0.7,11,0.61,33.82,57.1,9.66,0.68,22.05,128
0,0,6,0.9,9,0.94,59.11,86.05,22.61,0.54,20.34,122
0,0,5,0.7,14,0.41,91.35,39.07,25.92,0.76,16.11,124
0,0,6,0.7,11,0.33,82.36,59.88,19.38,0.67,17.37,119
0,0,5,0.9,8,0.62,46.38,68.99,22.54,0.64,20.61,172
0,0,5,0.8,11,0.72,96.06,60.23,25.62,0.9,15.57,158
0,0,7,0.8,11,0.98,59.9,60.58,19.32,0.61,19.98,154
0,0,7,0.95,9,0.97,28.9,92.49,16.06,0.31,23.13,141
0,0,7,0.8,10,0.94,114.34,51.45,32.3,0.96,13.32,125
0,0,8,1,29,0.88,50.39,86.63,22.61,0.48,20.88,118
0,0,5,0.7,9,0.91,69.97,82.51,25.92,0.48,19.17,155
0,0,6,1,10,0.95,163.76,44.77,38.76,0.84,9.81,155
0,0,5,0.5,9,0.53,73.43,53.91,22.54,0.73,17.46,176
0,0,5,0.7,9,0.11,19.27,95.95,9.63,0.17,23.49,177
0,0,7,0.8,8,0.68,70.94,56.27,16.2,0.68,18.36,168
0,0,5,0.6,6,0.77,61.84,73.33,19.32,0.58,19.53,173
0,0,5,0.9,5,0.78,87.21,74.42,35.53,0.69,16.65,116
0,0,5,0.5,5,0.92,37.57,90.75,25.69,0.34,22.14,131
0,0,4,0.8,7,0.96,25.94,96.83,16.01,0.16,23.22,65
0,0,5,0.95,7,1,15.55,97.96,9.72,0.1,24.03,141
0,0,6,0.7,5,1,0,100,3.21,0,25.92,131
0,0,5,0.8,7,0.99,0,100,3.22,0,25.74,128
0,0,3,0.3,9,0.97,0,100,3.23,0,25.65,107
0,0,4,0.9,8,0.71,12.56,97.1,6.44,0.13,24.39,130
0,0,5,1,16,0.94,0,100,3.22,0,25.74,107
0,0,3,1,7,0.86,6.76,98.84,6.44,0.06,25.38,126
0,0,4,0.7,7,0.84,123.67,36.52,35.43,0.9,13.14,165
0,0,6,0.8,8,0.82,42.51,89.86,19.32,0.43,21.78,165
0,0,4,0.8,6,0.7,0,100,3.22,0,25.83,121
0,0,5,0.9,5,0.72,0,100,3.24,0,25.65,115
0,0,5,0.8,5,0.91,0,100,3.22,0,25.83,125
0,0,4,0.8,4,0.94,0,100,3.22,0,25.83,133
0,0,6,0.9,6,0.88,0,100,3.23,0,25.74,124
0,0,4,0.7,4,0.9,0,100,3.23,0,25.65,104
0,0,4,0.9,5,0.63,0,100,3.26,0,25.38,99
0,0,4,0.9,5,0.96,0,100,3.22,0,25.74,128
0,0,5,0.9,5,0.91,0,100,3.26,0,25.38,108
0,0,6,0.9,4,0.58,0,100,3.21,0,25.83,119
0,0,3,0.9,4,0.29,0,100,3.23,0,25.74,114
0,0,5,0.8,4,0.68,0,100,3.22,0,25.74,128
0,0,6,0.9,7,0.74,0,100,3.22,0,25.74,138
0,0,5,0.8,4,0.92,0,100,3.21,0,25.92,127
0,0,5,0.8,4,0.95,0,100,3.19,0,25.92,129
0,0,6,0.9,8,0.94,0,100,3.22,0,25.74,77
0,0,6,0.9,5,0.97,0,100,3.22,0,25.74,124
0,0,6,0.9,6,0.66,0,100,3.23,0,25.74,115
0,0,6,0.9,12,0.95,0,100,3.22,0,25.83,133
0,0,7,1,7,0.72,0,100,3.22,0,25.74,104
0,0,6,0.8,12,0.77,0,100,3.23,0,25.65,136
0,0,7,1,11,0.39,72.46,57.68,16.1,0.68,18.72,124
0,0,5,1,8,0.99,14.37,97.99,9.58,0.1,24.39,141
0,0,6,0.7,8,0.97,33.72,93.35,12.85,0.27,22.14,157
0,0,6,0.8,6,0.81,14.45,98.55,12.85,0.08,24.84,135
0,0,6,1,5,0.78,0,100,3.25,0,25.47,130
0,0,6,1,6,0.8,0,100,3.21,0,25.83,121
0,0,6,1,7,0.71,0,100,3.22,0,25.83,132
0,0,3,0.2,7,0.82,3.86,99.71,6.44,0.02,25.38,114
0,0,4,0.9,6,0.99,0,100,3.23,0,25.74,109
0,0,6,1,11,0.9,0,100,3.23,0,25.74,126
0,0,5,0.9,6,0.8,19.67,96.17,13.11,0.15,23.76,126
0,0,6,1,5,0.96,0,100,3.2,0,25.92,135
0,0,7,1,17,0.9,0,100,3.23,0,25.74,122
0,0,8,0.9,11,0.94,0,100,3.24,0,25.65,168
0,0,6,1,7,0.81,0,100,3.23,0,25.74,79
0,0,5,1,8,0.91,5.83,99.42,6.48,0.04,24.75,115
0,0,5,0.7,9,0.92,2.91,99.42,6.46,0.04,25.56,74
0,0,7,1,28,0.97,78.26,53.33,16.1,0.69,17.01,106
0,0,6,0.9,8,0.92,89.6,36.71,19.27,0.75,16.02,118
0,0,8,1,10,0.89,23.12,97.98,12.85,0.11,23.49,87
0,0,8,1,31,0.94,62.8,88.7,19.32,0.39,19.35,125
0,0,6,0.6,13,0.81,47.48,93.6,16.15,0.24,20.79,120
0,0,7,1,9,0.87,56.04,71.88,19.32,0.73,19.8,94
0,0,4,0.9,10,0.78,60.08,60.17,22.61,0.78,19.62,112
0,0,7,0.9,10,0.77,27.13,66.57,6.46,0.64,23.04,128
0,0,7,0.7,8,1,14.53,94.19,6.46,0.22,24.39,131
0,0,5,0.9,6,0,0,100,3.22,0,25.83,125
0,0,5,0.7,7,0.98,110.47,46.69,32.02,0.7,14.04,158
0,0,6,0.9,6,0.64,22.16,81.21,6.42,0.48,23.49,126
0,0,5,0.8,8,0.66,68.4,54.62,22.48,0.94,18.27,107
0,0,7,1,8,0.99,17.39,98.26,6.44,0.09,24.3,121
0,0,5,0.9,5,0.97,0,100,3.23,0,25.65,116
0,0,5,0.8,5,0.88,47.07,92.51,19.21,0.3,21.69,123
0,0,5,0.9,6,0.93,0,100,3.23,0,25.74,128
0,0,6,0.9,7,0.95,0,100,3.22,0,25.83,126
0,0,5,0.9,5,0.91,0,100,3.22,0,25.83,123
0,0,5,0.6,5,1,26.09,79.42,6.44,0.51,22.5,128
0,0,5,0.9,6,0.94,0,100,3.19,0,25.92,127
0,0,5,0.8,6,0.95,0,100,3.23,0,25.74,116
0,0,5,0.7,6,0.7,55.88,75.43,25.69,0.55,20.25,110
0,0,4,0.4,6,0.96,31.01,83.14,9.69,0.42,22.59,118
0,0,7,1,13,0.9,9.69,98.55,9.69,0.08,25.02,112
0,0,5,0.9,7,0.78,38.42,78.67,9.61,0.44,22.05,119
0,0,4,0.9,7,0.84,7.75,98.84,9.69,0.06,25.2,126
0,0,9,1,26,0.92,40.58,94.78,22.54,0.24,22.23,132
0,0,7,0.8,8,0.8,6.7,99.14,6.39,0.05,25.38,118
0,0,6,0.9,8,0.38,24.15,93.33,6.44,0.24,23.22,120
0,0,7,1,11,0.64,23.19,83.19,6.44,0.45,22.86,114
0,0,7,1,9,1,0,100,3.22,0,25.83,124
0,0,8,1,14,0.95,0,100,3.22,0,25.83,136
0,0,8,1,23,0.33,59.73,69.65,6.42,0.61,18.99,136
0,0,6,1,34,1,8.72,99.13,9.69,0.06,24.84,139
0,0,4,1,23,0.98,52.33,88.95,22.61,0.35,20.79,126
0,0,5,0.9,5,0.92,67.06,89.8,35.63,0.32,19.62,122
0,0,3,1,12,0.99,78.49,88.37,32.3,0.35,18.18,118
0,0,7,1,17,0.99,125.36,59.18,19.44,0.67,13.32,129
0,0,2,0.1,10,0,0,100,3.21,0,25.83,114
0,0,5,0.1,17,0.31,128.5,56.23,28.99,1.14,13.23,115
0,0,3,0.6,4,0.77,22.22,84.35,6.44,0.43,23.58,107
0,0,3,0.1,5,0.36,24.15,82.61,9.66,0.49,23.22,121
0,0,3,0.3,2,0.21,47.34,59.71,6.44,0.67,20.25,106
0,0,3,0.7,6,0.51,62.8,60.29,19.32,0.67,18.99,119
0,0,3,0.1,2,0.34,51.21,50.43,9.66,0.69,20.25,118
0,0,3,0.15,8,0.8,48.03,89.91,16.01,0.33,20.7,105
0,0,4,0.25,8,0.06,9.78,97.95,9.78,0.11,24.66,122
0,0,6,0.8,23,0.99,0,100,3.23,0,25.74,94
0,0,4,0.95,3,0.93,0,100,3.22,0,25.83,87
0,0,3,0.6,8,0.45,44.32,53.18,6.42,0.69,20.88,95
0,0,4,0.4,2,0.94,11.59,94.49,6.44,0.21,24.57,95
0,0,4,0.4,2,0.99,0,100,3.23,0,25.74,99
0,0,4,0.4,4,1,0,100,3.22,0,25.74,106
0,0,5,0.2,4,0.91,112.08,61.45,9.66,0.65,13.32,104
0,0,3,0.6,8,0.81,1.94,99.71,6.46,0.02,25.65,98
0,0,3,0.5,7,0.94,0,100,3.21,0,25.92,96
0,0,3,0.03,4,0.84,0,100,3.24,0,25.65,96
0,0,2,0.2,2,0.55,21.26,97.39,6.44,0.12,23.58,96
0,0,3,0.2,4,0.81,0,100,3.23,0,25.74,108
0,0,3,0.5,5,0.91,0,100,3.22,0,25.83,108
0,0,2,0.8,10,0.82,0,100,3.22,0,25.74,98
0,0,3,0.95,14,0.92,15.5,96.8,9.69,0.14,24.3,108
0,0,4,0.2,6,0.84,67.63,47.25,16.1,0.69,18.09,102
0,0,3,0.15,7,0.81,46.51,61.34,12.92,0.66,20.79,103
0,0,3,0.2,6,0.78,47.89,68.97,12.77,0.57,20.7,103
0,0,2,0.1,5,0.95,0,100,3.19,0,25.92,92
0,0,4,0.8,11,0.9,0,100,3.23,0,25.74,99
0,0,3,0.3,8,0.95,0,100,3.22,0,25.74,95
0,0,3,0.25,3,0.9,0,100,3.23,0,25.74,95
0,0,3,0.5,5,0.58,53.29,49.71,12.92,0.69,19.89,103
0,0,3,0.5,4,0.22,83.33,59.88,25.84,0.7,17.19,123
0,0,2,0.7,4,0.19,81.16,70.72,16.1,0.62,16.38,113
0,0,2,0.4,2,0.06,9.78,97.95,9.78,0.11,24.66,122
0,0,3,0.3,7,0.14,50.24,83.48,19.32,0.44,20.34,123
0,0,3,0.4,2,0.29,71.5,68.7,16.1,0.68,18.27,91
0,0,4,0.2,3,0.24,100.48,80.87,54.75,0.61,16.83,105
0,0,5,0.9,14,0.09,12.6,94.48,6.46,0.21,24.3,109
0,0,3,0.4,3,0,0,100,3.22,0,25.83,116
0,0,3,0.6,4,0.09,15.33,97.41,6.39,0.12,23.94,124
0,0,5,0.6,15,0.19,33.82,69.57,9.66,0.61,22.23,124
0,0,4,0.7,16,0.29,34.68,86.99,12.85,0.39,22.14,111
0,0,5,0.9,14,0.35,67.83,71.22,16.15,0.6,17.73,111
0,0,4,0.4,6,0.67,34.88,88.66,9.69,0.35,21.96,102
0,0,2,0.2,4,0.48,79.23,60.29,12.88,0.66,16.74,102
0,0,3,0.1,3,0.6,83.09,78.84,32.21,0.65,17.91,89
0,0,3,0.3,2,0.45,36.71,65.8,9.66,0.68,21.78,104
0,0,4,0.6,4,0.24,62.98,76.45,16.15,0.58,18.9,104
0,0,4,0.3,6,0.12,2.91,99.71,6.46,0.02,25.65,89
0,0,2,0.6,8,0.59,80.16,34.02,16.29,0.7,15.57,99
0,0,2,0.5,18,0.56,40.7,93.02,25.84,0.29,22.32,99
0,0,5,0.8,6,0.73,46.38,67.83,12.88,0.63,20.25,101
0,0,3,0.5,4,0.82,0,100,3.22,0,25.74,92
0,0,2,0.5,7,0.94,0,100,3.22,0,25.74,92
0,0,3,0.4,2,0.42,25.27,95.04,16.2,0.22,23.31,77
0,0,3,0.4,4,0.7,25.05,79.48,12.85,0.55,23.4,77
0,0,3,0.4,3,0.79,0,100,3.24,0,25.65,87
0,0,3,0.3,4,0.9,0,100,3.24,0,25.47,91
0,0,3,0.6,6,0.94,0,100,3.19,0,25.92,87
0,0,4,0.7,37,0.96,0,100,3.21,0,25.92,88
0,0,3,0.6,8,0.86,0,100,3.23,0,25.65,88
0,0,3,0.5,8,0.89,0,100,3.24,0,25.65,93
0,0,4,0.5,6,0.9,0,100,3.25,0,25.47,73
0,0,3,0.3,5,0.7,16.28,96.55,9.58,0.16,24.48,92
0,0,2,0.2,8,0.14,65.89,77.62,22.61,0.54,19.35,131
0,0,4,0.8,4,0.3,75.8,80.76,25.92,0.58,17.19,131
0,0,3,0.7,8,0.39,29.78,94.52,12.81,0.24,22.95,97
0,0,3,0.7,2,0.82,3.88,99.42,6.46,0.04,25.56,92
0,0,4,0.2,5,0.34,121.12,45.06,19.38,0.69,13.32,118
0,0,3,0.7,2,0.32,81.4,69.48,22.61,0.62,17.28,104
0,0,5,0.4,13,0.81,52.02,84.1,12.85,0.44,19.53,109
0,0,4,0.2,2,0.94,34.88,93.9,19.38,0.28,22.77,109
0,0,5,0.3,4,0.63,84.06,56.52,16.1,0.76,17.1,105
0,0,4,0.3,6,0.13,40.58,90.43,16.1,0.32,22.32,111
0,0,4,0.6,6,0.09,29.87,95.66,9.63,0.18,22.86,100
0,0,4,0.8,16,0.43,54.42,66.18,16.2,0.75,19.53,114
0,0,4,0.6,4,0.69,197.1,30.14,54.75,1.08,7.29,120
0,0,5,0.3,11,0.13,37.68,90.43,16.1,0.38,22.23,123
0,0,5,0.1,4,0.1,39.73,93.02,16.15,0.27,21.15,118
0,0,5,0.5,6,0.16,44.32,87.28,16.06,0.39,21.42,149
0,0,3,0.6,2,0.34,115.94,65.8,32.21,0.87,14.04,112
0,0,3,0.6,4,0.29,205.8,33.91,48.31,0.97,6.75,115
0,0,3,0.3,2,0.17,50.1,59.54,16.06,0.72,20.34,90
0,0,3,0.2,2,0.51,19.32,86.09,6.44,0.4,23.31,86
0,0,5,0.2,2,0.15,46.38,64.93,12.88,0.65,20.88,117
0,0,3,0.2,4,0.32,69.77,63.37,12.92,0.66,17.91,100
0,0,4,0.2,10,0.03,0,100,3.2,0,25.92,116
0,0,3,0.1,10,0.04,0,100,3.22,0,25.74,110
0,0,5,0.9,24,0.13,0,100,3.22,0,25.83,114
0,0,3,0.2,16,0.11,0,100,3.23,0,25.65,114
0,0,4,0.2,8,0.22,41.55,84.06,12.88,0.5,21.33,120
0,0,5,0.2,8,0.42,114.34,61.63,38.76,0.91,14.67,119
0,0,4,0.7,4,0.48,124.03,50.87,51.68,0.96,12.87,116
0,0,2,0.7,2,0.45,52.17,45.22,9.66,0.69,19.53,116
0,0,3,0.2,7,0.82,28.99,56.81,6.44,0.68,22.32,112
0,0,3,0.2,6,0.47,0,100,3.22,0,25.74,110
0,0,4,0.3,5,0.55,41.55,89.86,9.66,0.33,21.42,112
0,0,3,0.7,10,0.78,39.61,72.46,12.88,0.59,20.97,100
0,0,3,0.95,6,0.62,35.75,53.04,12.88,0.75,21.42,129
0,0,3,0.8,4,0.33,38.31,58.05,12.77,0.68,21.78,93
0,0,2,0.1,2,0.01,7.82,99.41,6.52,0.04,24.75,121
0,0,4,0.2,4,0.03,21.32,96.8,16.15,0.16,23.31,121
0,0,2,0.6,6,0.01,0,100,3.22,0,25.74,112
0,0,3,0.1,6,0.48,50.24,60.29,19.32,0.8,20.25,99
0,0,2,0.1,4,0.51,31.98,63.08,9.69,0.65,22.05,111
0,0,2,0.2,2,0.65,49.13,56.94,9.63,0.76,20.7,111
0,0,0,0,0,0.25,87.98,82.11,35.84,0.54,16.11,105
0,0,3,0.7,2,0.1,21.13,97.41,19.21,0.14,23.4,91
0,0,2,0.5,1,0.55,49.42,61.63,12.92,0.66,20.34,91
0,0,3,0.4,2,0.53,56.04,56.81,16.1,0.68,19.8,94
0,0,2,0.8,6,0.89,35.75,90.43,12.88,0.32,21.78,105
0,0,2,0.2,4,0.69,33.91,57.56,12.92,0.71,21.87,113
0,0,3,0.1,4,0.62,0,100,3.23,0,25.74,126
0,0,2,0.6,10,0.51,44.57,73.84,6.46,0.57,20.43,126
0,0,2,0.9,7,0.29,71.36,51.91,19.55,0.65,17.91,104
0,0,2,0.9,12,0.49,44.44,57.39,16.1,0.67,20.61,116
0,0,3,0.6,3,0.29,60.69,45.66,16.06,0.66,18.63,98
0,0,2,0.8,24,0.58,31.88,66.67,6.44,0.64,21.87,100
0,0,2,0.7,36,0.4,25.12,50.14,6.44,0.69,22.59,111
0,0,3,0.7,32,0.52,23.6,52.21,6.56,0.69,22.05,108
0,0,3,0.2,2,0.59,24.08,54.62,6.42,0.69,22.59,106
0,0,3,0.5,2,0.5,28.02,54.78,6.44,0.69,22.23,100
0,0,2,0.2,5,0.36,52.17,57.68,9.66,0.66,20.25,107
0,0,4,0.5,4,0.34,45.54,50.87,12.92,0.69,20.7,91
0,0,3,0.5,10,0.2,37.9,50.15,9.72,0.69,21.24,97
0,0,2,0.2,4,0.1,38.01,85.96,9.75,0.41,21.33,103
0,0,4,0.2,8,0.31,66.28,64.84,19.21,0.65,18.63,103
0,0,3,0.5,2,0.46,60.08,65.99,9.69,0.63,18.36,86
0,0,3,0.4,2,0.36,7.75,99.13,6.46,0.05,24.84,90
0,0,3,0.3,8,0.15,106.94,70.52,28.9,0.65,15.75,95
0,0,4,0.2,6,0.57,51.36,51.74,12.92,0.94,20.34,108
0,0,3,0.1,2,0.24,163.29,35.94,45.09,0.95,10.89,140
0,0,3,0.7,4,0.49,119.81,70.14,38.65,0.91,14.49,109
0,0,2,0.5,2,0.53,38.76,55.23,9.69,0.73,21.87,102
0,0,3,0.7,8,0.33,28.1,74.13,6.46,0.57,22.14,119
0,0,6,0.2,8,0.67,46.38,78.55,16.1,0.62,21.51,110
0,0,3,0.4,4,0.13,5.8,99.42,9.66,0.04,25.29,116
0,0,2,0.1,0,0,0,100,3.24,0,25.56,106
0,0,3,0.6,3,0.76,111.11,75.07,35.43,0.75,15.3,105
0,0,2,0,0,0.8,69.77,75.87,45.22,0.69,20.16,99
0,0,3,0.7,2,0.56,99.52,42.61,32.21,1.01,16.2,122
0,0,3,0.9,4,0.54,65.11,84.84,22.68,0.52,18.18,105
0,0,2,0.7,4,0.54,65.11,84.84,22.68,0.52,18.18,105
0,0,5,0.9,5,0.36,25.49,84.41,6.54,0.43,22.5,105
0,0,3,0.8,6,0.5,37.79,89.53,16.15,0.34,22.23,115
0,0,5,0.6,20,0.98,108.86,74.28,44.96,0.57,17.19,108
0,0,4,0.5,2,0.93,73.01,72.62,19.21,0.65,17.55,102
0,0,4,0.4,4,0.91,10.63,97.1,6.44,0.13,24.93,102
0,0,6,0.4,4,0,0,100,3.23,0,25.74,94
0,0,5,0.6,8,0.96,5.83,99.42,9.72,0.04,25.38,89
0,0,3,0.2,2,0.82,28.99,87.83,6.44,0.37,22.77,106
0,0,5,0.6,3,0.87,51.36,77.91,22.61,0.6,20.79,115
0,0,6,0.4,3,0.6,152.24,61.49,46.43,0.96,11.61,115
0,0,5,0.7,12,0.64,174.37,41.91,48.17,1.1,10.71,79
0,0,6,0.9,8,0.63,44.57,48.84,22.61,0.78,20.79,79
0,0,6,0.7,4,0.82,48.99,88.76,32.02,0.47,22.23,96
0,0,3,0.3,2,0.67,176.36,44.19,61.37,1.19,10.26,96
0,0,6,0.5,4,0.87,76.11,68.5,35.32,0.75,19.35,96
0,0,3,0.5,2,0.99,50.24,75.65,9.66,0.56,20.7,98
0,0,2,0.3,1,0.87,35.65,79.77,16.06,0.52,21.87,98
0,0,3,0.3,2,0.98,23.95,91.67,9.58,0.29,23.58,91
0,0,6,0.8,8,0.46,73.64,62.21,32.3,0.76,18,123
0,0,6,0.8,13,0.45,39.61,56.23,16.1,0.7,21.69,110
0,0,5,0.7,3,0.69,93.72,42.61,28.99,0.82,16.83,117
0,0,3,0.3,8,0.51,83.09,54.78,19.32,0.69,16.65,117
0,0,7,0.8,6,0.55,100.1,58.02,25.92,0.68,14.76,146
0,0,6,0.8,10,0.58,137.76,36.13,32.11,0.69,11.16,118
0,0,4,0.8,2,0.82,29.95,93.91,16.1,0.23,22.5,114
0,0,7,0.7,4,0.84,20.29,92.75,12.88,0.27,23.58,114
0,0,8,0.6,13,0.95,41.67,88.08,16.15,0.37,21.06,110
0,0,8,0.6,18,0.95,41.67,88.08,16.15,0.37,21.06,110
0,0,4,0.7,9,0.6,89.41,49.56,19.44,0.7,16.56,142
0,0,4,0.9,28,0.76,98.55,73.62,35.43,0.54,14.85,122
0,0,4,0.7,21,0.82,146.32,43.31,35.53,0.74,10.17,140
0,0,3,0.9,16,0.79,50.1,93.64,28.9,0.25,21.51,122
0,0,3,0.8,16,0.7,90.56,77.46,28.9,0.58,16.56,105
0,0,6,0.2,6,0.31,118.84,33.91,41.87,1.18,14.31,140
0,0,3,0.4,2,0.96,5.81,99.42,9.69,0.04,25.11,95
0,0,6,0.9,6,0.87,16.43,97.97,9.66,0.1,24.48,107
0,0,5,0.7,20,0.99,3.86,99.42,6.44,0.04,25.65,111
0,0,8,0.7,20,0.97,30.92,93.33,22.54,0.27,23.04,99
0,0,4,0.5,4,0.92,13.61,97.67,12.96,0.12,24.48,98
0,0,5,0.6,12,0.49,95.24,62.39,35.63,0.82,16.2,98
0,0,4,0.7,19,0.59,95.93,71.51,32.3,0.77,16.92,90
0,0,5,0.6,6,0.41,21.32,94.77,12.92,0.24,23.58,94
0,0,3,0.4,25,0.76,0,100,3.26,0,25.38,98
0,0,7,0.7,4,0.82,0,100,3.21,0,25.92,96
0,0,6,0.4,4,0.48,40.82,94.75,16.2,0.23,21.24,96
0,0,2,0.8,15,0.72,80.46,81.03,19.16,0.61,17.64,96
0,0,2,0.9,18,0.41,87.21,79.65,19.38,0.64,17.28,85
0,0,3,0.8,10,0.25,114.34,34.3,45.22,1.18,14.31,85
0,0,3,0.9,12,0.66,99.71,53.37,42.36,1.17,16.47,90
0,0,2,0.9,4,0.6,94.96,48.84,54.91,1.13,17.73,90
0,0,3,0.8,9,0.88,62.98,86.05,29.07,0.56,19.71,101
0,0,6,0.5,4,0.97,27.13,94.19,9.69,0.26,22.41,92
0,0,2,0.8,10,0.88,91.52,76.88,25.69,0.7,16.38,90
0,0,3,0.5,10,0.68,68.4,63.58,22.48,0.8,18.63,76
0,0,3,0.7,15,0.64,101.07,82.22,9.72,0.49,15.48,93
0,0,6,0.5,4,0.78,41.67,94.19,9.69,0.22,21.42,94
0,0,4,0.5,8,0.77,133.33,43.19,35.43,0.99,12.69,94
0,0,4,0.5,6,0.88,17.44,96.8,9.69,0.16,24.84,93
0,0,5,0.8,12,0.93,28.1,91.28,9.69,0.3,22.41,93
0,0,2,0.4,6,0.92,26.01,74.28,6.42,0.57,22.68,91
0,0,3,0.2,2,0.94,33.72,70.52,6.42,0.61,22.32,90
0,0,4,0.4,6,0.99,23.19,95.65,9.66,0.18,23.49,104
0,0,4,0.4,7,1,0,100,3.22,0,25.74,91
0,0,2,0.1,2,0.54,142.03,33.62,35.43,1.08,11.97,98
0,0,4,0.6,2,0.74,174.42,27.33,77.52,1.1,9.27,96
0,0,4,0.5,2,0.8,64.92,61.34,12.92,0.7,19.35,97
0,0,5,0.4,4,0.81,84.06,60,19.32,0.75,17.46,107
0,0,3,0.3,2,0.86,44.44,84.64,19.32,0.5,20.97,107
0,0,4,0.2,2,0.53,180.6,32.28,38.42,1.05,9.09,100
0,0,5,0.2,2,0.83,85.02,49.28,22.54,0.97,17.28,105
0,0,5,0.6,14,0.95,13.53,97.1,6.44,0.13,23.94,105
0,0,3,0.3,14,0.94,36.82,92.15,6.46,0.28,21.15,99
0,0,5,0.5,6,0.89,17.49,96.21,12.96,0.17,24.3,94
0,0,5,0.5,6,0.89,17.49,96.21,12.96,0.17,24.3,94
0,0,5,0.3,2,0.83,53.14,84.35,19.32,0.43,20.34,96
0,0,4,0.3,6,0.88,71.71,78.49,22.61,0.54,18.9,97
0,0,5,0.4,5,0.88,130.06,49.71,41.75,0.9,12.24,97
0,0,3,0.7,4,0.84,77.75,53.64,29.15,0.81,17.64,81
0,0,3,0.5,5,0.84,59.11,68.02,16.15,0.69,19.26,77
0,0,3,0.8,9,0.83,50.91,87.61,25.62,0.41,20.88,77
0,0,5,0.7,20,0.49,50.77,92.53,35.12,0.32,21.42,103
0,0,3,0.5,8,0,172.91,53.89,86.46,1.01,9.81,70
0,0,3,0.5,12,0,100.48,54.78,54.75,0.95,17.1,74
0,0,3,0.4,4,0.06,233.82,60.87,99.84,1.05,7.11,74
0,0,2,0.9,4,0,201.55,55.81,77.52,1.12,9.18,76
0,0,4,0.3,4,0.56,95.65,66.96,19.32,0.73,15.66,99
0,0,4,0.8,6,0.56,38.65,81.16,6.44,0.48,21.06,99
0,0,7,0.6,6,0.45,40.58,89.28,25.76,0.42,22.86,83
0,0,2,0.6,3,0.39,67.44,69.94,32.11,0.79,19.26,83
0,0,6,0.8,6,0.67,119.19,79.94,58.14,0.62,14.58,98
0,0,5,0.7,6,0.69,96.62,73.33,28.99,0.71,16.38,102
0,0,7,0.8,20,0.67,111.75,47.4,19.27,0.7,15.48,109
0,0,6,0.8,16,0.73,93.02,59.59,19.38,0.67,16.47,102
0,0,5,0.6,6,0,36.71,91.01,6.44,0.3,21.42,102
0,0,7,0.4,4,0.91,17.49,97.67,9.72,0.11,23.85,101
0,0,4,0.5,7,0.73,55.07,93.33,28.99,0.24,20.61,81
0,0,6,0.4,4,0.99,7.73,99.42,9.66,0.04,25.11,95
0,0,3,0.4,21,0.97,43.35,91.33,12.85,0.29,21.15,102
0,0,4,0.4,4,0.8,90.38,60.06,22.68,0.67,15.93,120
0,0,4,0.7,3,0.88,62.8,67.25,19.32,0.63,19.44,121
0,0,6,0.6,5,0.86,40.58,90.14,16.1,0.32,22.23,106
0,0,4,0.8,4,0.92,38.54,82.37,12.85,0.45,21.69,109
0,0,4,0.8,4,1,5.8,99.42,6.44,0.04,25.02,109
0,0,7,0.9,10,0.91,9.66,98.55,6.44,0.08,24.48,108
0,0,3,0.7,6,0.92,18.41,96.22,12.92,0.16,24.03,108
0,0,4,0.8,6,0,3.86,99.42,9.66,0.04,25.56,107
0,0,6,0.9,6,0.97,41.43,94.8,16.06,0.2,22.14,107
0,0,3,0.8,6,0.94,74.61,74.42,25.84,0.67,18.72,103
0,0,3,0.9,8,0.95,110.14,74.78,22.54,0.68,15.75,103
0,0,3,0.8,6,0.65,32.85,94.78,19.32,0.23,22.23,119
0,0,4,0.5,9,0.97,93.99,56.98,29.07,0.9,17.19,93
0,0,4,0.6,8,0.84,74.4,58.55,28.99,0.73,18.09,113
0,0,6,0.5,10,0.6,54.9,59.71,22.88,0.67,19.71,113
0,0,5,0.5,4,0.84,46.51,86.63,19.38,0.43,21.06,100
0,0,2,0.6,2,0.33,65.89,57.85,22.61,0.79,18.18,86
0,0,4,0.3,7,0.25,174.88,61.45,51.53,0.97,10.71,86
0,0,4,0.5,6,0.65,76.33,63.77,25.76,0.85,17.73,120
0,0,4,0.3,3,0.93,20.29,96.23,9.66,0.16,23.58,105
0,0,7,0.7,4,0.96,23.32,96.5,6.48,0.15,23.85,105
0,0,5,0.5,12,0.47,168.12,49.27,64.79,1.03,11.34,84
0,0,5,0.9,13,0.69,156.52,40.87,54.75,1.02,10.35,112
0,0,5,0.9,12,0.18,88.89,82.03,32.21,0.61,15.93,92
0,0,3,0.4,2,0.38,55.07,89.86,28.99,0.43,20.88,91
0,0,4,0.5,3,0.49,22.16,96.24,9.63,0.16,23.85,92
0,0,3,0.9,10,0.49,56.04,69.28,19.32,0.62,20.07,106
0,0,5,0.5,16,0.79,0,100,3.23,0,25.74,92
0,0,6,0.6,6,0.47,59.9,54.49,16.1,0.68,20.34,103
0,0,5,0.5,6,0.19,37.68,52.46,12.88,0.75,21.69,92
0,0,4,0.4,8,0.1,28.9,52.31,6.42,0.69,22.59,92
0,0,5,0.9,18,0.41,72.46,42.32,28.99,0.71,18.27,98
0,0,6,0.7,12,0.88,10.57,98.56,9.61,0.08,24.93,100
0,0,5,0.6,9,0.94,0,100,3.24,0,25.65,109
0,0,4,0.7,18,0.98,18.46,93.59,9.72,0.24,23.76,107
0,0,4,0.7,20,0.72,41.67,67.44,12.92,0.6,21.42,105
0,0,4,0.7,9,0.91,18.36,88.99,6.44,0.35,24.03,91
0,0,6,0.7,24,0.8,13.57,96.51,9.69,0.15,24.39,91
0,0,6,0.5,8,0.54,76.11,56.07,38.54,0.96,18.54,92
0,0,4,0.2,4,0.3,190.89,41.57,87.21,1.3,10.08,86
0,0,4,0.6,22,0.62,71.29,60.12,25.69,0.98,19.17,86
0,0,5,0.4,4,0.39,47.76,87.43,29.24,0.47,21.06,88
0,0,4,0.3,4,0.44,16.38,97.69,12.85,0.13,23.85,102
0,0,5,0.4,4,0.41,84.3,75,29.07,0.65,16.83,91
0,0,5,0.3,14,0.45,104.35,54.2,32.21,0.93,15.57,91
0,0,5,0.6,14,0.78,42.27,60.23,9.61,0.69,21.15,89
0,0,6,0.6,12,0.65,26.09,52.46,6.44,0.69,22.59,92
0,0,3,0.4,7,0.89,34.58,81.84,6.4,0.47,22.05,92
0,0,5,0.3,4,0.47,15.78,93.49,6.57,0.24,23.4,118
0,0,4,0.8,6,0.68,7.73,98.55,12.88,0.08,25.29,118
0,0,4,0.7,6,0.59,41.31,73.49,6.4,0.58,21.42,116
0,0,5,0.6,18,0.94,0,100,3.22,0,25.74,100
0,0,4,0.5,10,0.91,65.7,89.28,22.54,0.37,19.17,101
0,0,4,0.5,4,0.91,52.02,89.31,16.06,0.34,19.98,101
0,0,3,0.7,2,0.62,0,100,3.22,0,25.83,84
0,0,4,0.7,12,0.98,24.08,96.82,16.06,0.14,22.95,101
0,0,4,0.6,14,0,9.72,98.83,9.72,0.06,24.57,97
0,0,5,0.6,2,0.95,27.29,96.78,13,0.14,22.32,91
0,0,5,0.6,10,0.95,35.85,95.64,19.38,0.2,22.68,91
0,0,7,0.8,19,0,0,100,3.21,0,25.83,99
0,0,7,0.8,22,0.67,30.92,58.55,6.44,0.68,21.87,113
0,0,5,0.7,20,0.82,28.99,53.04,6.44,0.69,22.59,103
0,0,5,0.7,8,0.96,10.63,96.23,6.44,0.16,24.57,99
0,0,6,0.5,10,0.82,46.51,50.58,16.15,0.74,20.7,99
0,0,6,0.8,10,0.78,49.42,79.07,16.15,0.54,20.61,106
0,0,6,0.8,9,0,97.7,64.08,25.54,0.81,15.57,116
0,0,3,0.8,16,0.45,94.27,52.48,22.68,0.67,14.94,88
0,0,4,0.6,10,0.5,79.69,50.15,19.44,0.68,17.73,88
0,0,5,0.5,4,0.8,17.44,94.77,6.46,0.21,24.3,92
0,0,6,0.6,7,0.74,9.58,98.28,9.58,0.09,25.38,102
0,0,2,0.4,6,0.08,28.1,82.56,9.69,0.46,22.77,116
0,0,3,0.4,8,0.11,38.65,92.17,22.54,0.27,21.87,105
0,0,4,0.2,4,0.42,49.28,82.03,22.54,0.48,20.7,118
0,0,3,0.3,4,0.76,0,100,3.21,0,25.83,118
0,0,4,0.6,10,0.34,0,100,3.22,0,25.83,113
0,0,5,0.4,6,0.28,3.85,99.42,6.42,0.04,25.65,107
0,0,5,0.7,6,0.98,28.1,80.23,6.46,0.5,22.14,92
0,0,4,0.6,10,1,1.94,99.71,6.46,0.02,25.65,109
0,0,7,0.8,20,0.2,76.55,90.12,25.84,0.34,17.91,99
0,0,7,0.8,19,0.65,131.78,73.55,58.14,0.71,13.68,79
0,0,6,0.6,24,0.16,5.83,98.83,6.48,0.06,25.29,93
0,0,7,0.3,8,0.59,149.76,45.8,67.63,1.09,12.33,103
0,0,5,0.8,13,0.21,140.1,40.29,45.09,0.83,13.05,126
0,0,3,0.7,3,0.01,0,100,3.23,0,25.65,131
0,0,5,0.3,2,0.12,4.86,98.83,6.48,0.06,25.2,103
0,0,5,0.7,0,0,0,100,3.23,0,25.74,116
0,0,3,0.5,2,0.16,121.74,45.8,32.21,0.99,13.95,118
0,0,5,0.4,2,0.04,0,100,3.19,0,25.92,118
0,0,6,0.8,56,0.15,51.51,85.71,22.68,0.47,20.7,114
0,0,6,0.8,16,0.58,102.64,61.58,35.84,0.81,16.74,120
0,0,5,0.7,12,0,0,100,3.22,0,25.83,111
0,0,8,0.5,30,0.03,29.07,95.35,12.92,0.19,22.05,106
0,0,5,0.6,44,0.05,23.26,90.41,16.15,0.3,23.13,104
0,0,6,0.9,10,0.99,166.67,45.09,38.54,1.04,9.63,127
0,0,6,0.9,10,0.87,55.07,55.94,19.32,0.69,20.07,157
0,0,6,0.8,4,0.31,28.74,77.59,9.58,0.59,22.5,165
0,0,6,0.7,6,0.93,96.62,82.32,35.43,0.58,16.56,138
0,0,6,0.7,32,0,43.48,82.32,22.54,0.51,21.15,171
0,0,5,0.6,7,0.01,0,100,3.23,0,25.74,102
0,0,7,0.8,12,0.01,0,100,3.22,0,25.83,107
0,0,13,0.9,17,0.98,0,100,3.22,0,25.83,108
0,0,13,0,8,0,74.83,61.22,19.44,0.66,17.64,124
0,0,5,0.9,31,0.77,0,100,3.22,0,25.83,119
0,0,4,0.3,6,0.46,28.18,95.92,6.48,0.17,22.68,132
0,0,6,0.5,4,0.31,51.21,61.16,9.66,0.81,19.98,75
0,0,4,0.6,7,0.93,62.98,82.27,19.38,0.46,18.72,130
0,0,8,0.6,45,0.94,0,100,3.22,0,25.74,131
0,0,5,0.5,2,0.11,0,100,3.23,0,25.74,138
0,0,5,0.4,10,0.72,129.84,36.34,38.76,0.97,12.96,143
0,0,5,0.8,7,0,98.27,80.64,25.69,0.46,16.92,121
0,0,8,0.7,12,0.04,0,100,3.22,0,25.83,125
0,0,7,0.8,13,0.97,0,100,3.22,0,25.74,117
0,0,7,0.8,24,0.98,0,100,3.22,0,25.83,113
0,0,6,0.7,18,0.96,42.15,89.66,6.39,0.33,20.88,135
0,0,5,0.8,8,0.75,31.88,94.78,22.54,0.2,23.22,98
0,0,5,0.7,12,0.78,0,100,3.2,0,25.92,102
0,0,6,0.6,10,0.86,1.93,99.71,6.44,0.02,25.56,110
0,0,8,0.8,22,0.8,0,100,3.22,0,25.74,122
0,0,8,0.85,16,0.99,0,100,3.24,0,25.56,110
0,0,4,0.9,19,0.89,89.15,31.4,25.84,1.08,16.38,131
0,0,9,0.8,6,0.56,109.2,72.41,25.54,0.59,14.49,101
0,0,5,0.7,10,0.61,122.45,57.14,35.63,0.71,13.5,123
0,0,6,0.8,30,0.99,0,100,3.26,0,25.38,93
0,0,6,0.6,23,1,0,100,3.24,0,25.65,108
0,0,6,0.5,21,0.92,0,100,3.23,0,25.74,78
0,0,6,0.5,25,0.97,9.69,98.84,12.92,0.06,24.93,102
0,0,6,0.5,31,0.43,32.85,94.49,6.44,0.21,22.32,98
0,0,7,0.6,42,0,18.3,97.11,9.63,0.13,24.03,114
0,0,7,0.6,23,0.76,138.16,54.49,35.43,0.84,11.97,125
0,0,5,0.8,26,0.59,71.71,66.28,16.15,0.59,17.55,137
0,0,4,0.9,30,0.89,62.62,71.39,16.06,0.6,19.08,111
0,0,4,0.8,54,0.02,54.91,89.02,12.85,0.35,20.52,115
0,0,6,0.9,58,0.81,62.8,76.23,25.76,0.55,19.71,84
0,0,6,0.9,52,0.99,21.26,97.68,16.1,0.11,23.58,104
0,0,4,0.8,10,0.93,66.67,71.88,16.1,0.69,18.99,102
0,0,5,0.6,13,0.89,0,100,3.22,0,25.83,103
0,0,5,0.6,13,0.9,0,100,3.24,0,25.65,91
0,0,5,0.9,8,0.82,37.68,88.41,16.1,0.4,23.04,99
0,0,6,0.4,4,1,167.64,71.22,83.98,0.8,11.16,115
0,0,4,0.8,10,0.04,78.2,76.83,26.07,0.54,16.83,66
0,0,2,0.6,3,0.78,22.22,96.23,6.44,0.16,23.49,108
0,0,2,0.6,3,0.84,72.46,78.55,22.54,0.51,18.81,102
0,0,5,0.7,6,0.79,60.87,71.88,19.32,0.59,18.81,122
0,0,5,0.8,4,0.78,44.32,73.12,16.06,0.57,20.88,118
0,0,5,0.6,24,0.99,11.59,98.84,6.44,0.06,24.84,104
0,0,4,0.5,2,0.92,0,100,3.22,0,25.74,118
0,0,5,0.7,6,0.91,26.09,79.13,6.44,0.51,22.77,105
0,0,4,0.6,4,0.7,27.05,93.33,12.88,0.24,23.4,87
0,0,5,0.5,2,0.26,93.72,47.83,19.32,0.8,15.03,90
0,0,4,0.5,2,0.74,42.76,67.93,9.72,0.63,21.06,93
0,0,3,0.4,6,0.51,0,100,3.22,0,25.83,92
0,0,3,0.3,6,0.47,32.95,88.66,12.92,0.41,23.04,108
0,0,4,0.6,2,0.08,47.48,94.77,32.3,0.23,21.33,80
0,0,4,0.5,2,0.09,31.01,95.93,12.92,0.19,22.41,94
0,0,4,0.5,2,0.76,49.42,89.24,16.15,0.36,20.34,124
0,0,2,0.3,9,0.38,3.85,99.71,6.42,0.02,25.38,95
0,0,4,0.5,6,0.59,81.16,82.9,19.32,0.57,16.92,96
0,0,2,0.3,2,0.95,119.26,41.35,29.33,0.72,13.23,92
0,0,3,0.5,4,0.88,73.43,66.09,12.88,0.88,17.55,90
0,0,3,0.2,2,0.02,124.88,54.47,22.41,0.79,12.78,93
0,0,3,0.5,6,0.66,141.47,34.01,58.14,1.01,12.51,107
0,0,3,0.4,7,0.75,37.9,75.22,9.72,0.56,21.51,107
0,0,3,0.4,10,0.9,126.34,66.18,29.15,0.67,13.59,123
0,0,4,0.7,6,0.11,79.46,40.99,22.61,0.74,17.01,127
0,0,4,0.8,4,0.41,40.08,75.95,13.03,0.55,20.88,106
0,0,3,0.7,6,0.86,93.72,57.97,22.54,0.86,17.1,106
0,0,4,0.6,4,0.89,80.19,75.07,12.88,0.56,16.38,125
0,0,4,0.7,10,0.61,91.52,42.2,19.27,0.69,15.84,143
0,0,2,0.6,4,0.86,7.82,97.95,6.52,0.1,24.75,102
0,0,3,0.7,6,0.7,82.61,54.18,16.01,0.69,16.47,126
0,0,2,0.9,2,0.71,92.32,75.51,25.92,0.55,15.39,94
0,0,2,0.85,4,0.89,2.9,99.71,6.44,0.02,25.56,107
0,0,2,0.9,2,0.64,56.84,44.22,12.85,0.69,20.16,108
0,0,2,0.7,3,0.62,92.05,40.12,19.38,0.67,15.75,121
0,0,4,0.7,6,0.97,61.66,70.23,22.48,0.61,19.35,111
0,0,7,0.9,10,0.43,0,100,3.22,0,25.74,92
0,0,3,0.6,10,0.48,112.07,59.77,15.96,0.63,13.95,136
0,0,3,0.7,14,0.79,0,100,3.23,0,25.65,95
0,0,4,0.8,24,0.43,127.54,34.49,51.53,1.06,14.4,105
0,0,3,0.7,30,0.16,104.05,66.47,38.54,0.98,15.3,92
0,0,3,0.7,6,0.69,66.86,82.85,22.61,0.46,18.81,103
0,0,3,0.95,4,0,27.05,96.23,16.1,0.16,22.86,110
0,0,2,0.7,2,0,0,100,3.23,0,25.74,104
0,0,4,0.8,4,0.2,139.53,51.16,38.76,0.92,13.32,88
0,0,3,0.8,6,0.24,0,100,3.19,0,25.92,109
0,0,4,0.5,4,0.05,150.38,58.05,57.47,0.86,10.35,85
0,0,4,0.95,3,0.84,32.95,95.06,22.61,0.22,22.68,86
0,0,2,0.7,2,0.54,94.96,76.45,22.61,0.54,15.3,101
0,0,3,0.6,2,0.98,57.8,80.64,22.48,0.61,19.98,106
0,0,3,0.7,2,0.57,101.07,48.4,16.2,0.69,14.49,151
0,0,5,0.7,19,0.57,49.56,88.05,12.96,0.4,20.7,123
0,0,4,0.7,2,0.96,48.31,78.55,16.1,0.48,20.97,121
0,0,4,0.8,5,0.57,83.33,47.97,16.15,0.69,16.47,123
0,0,6,0.9,4,0.84,46.65,86.3,19.44,0.35,21.42,160
0,0,5,0.6,6,0.17,22.29,79.94,6.46,0.5,22.77,156
0,0,5,0.9,2,0.16,130.43,34.78,19.32,0.67,11.07,121
0,0,4,0.95,7,0.19,104.65,68.9,12.92,0.58,14.67,135
0,0,5,0.95,7,0.55,98.84,58.14,16.15,0.67,13.86,141
0,0,4,0.95,8,0,0,100,3.22,0,25.83,123
0,0,2,0.9,4,0,117.25,75.87,38.76,0.69,15.75,128
0,0,4,0.8,15,0.88,67.63,45.8,12.88,0.69,17.91,111
0,0,4,0.9,6,0,10.66,97.38,6.46,0.12,24.93,109
0,0,4,0.8,10,0.95,71.91,56.56,19.44,0.88,19.62,101
0,0,6,0.95,31,0.99,51.06,68.5,9.63,0.62,19.71,114
0,0,3,0.9,20,0.03,77.29,50.43,22.54,0.57,17.73,69
0,0,4,0.8,12,0.54,66.67,80.87,9.66,0.55,18.27,108
0,0,7,0.8,6,0.5,41.67,75.87,19.38,0.59,21.42,73
0,0,3,0.7,10,0.09,6.76,98.55,6.44,0.08,25.2,118
0,0,6,0.8,12,0.93,100.48,79.13,35.43,0.61,15.57,111
0,0,5,0.8,10,0.31,0,100,3.22,0,25.83,110
0,0,3,0.9,15,0.73,11.59,97.97,6.44,0.1,24.12,99
0,0,3,0.7,12,0.26,26.01,95.38,12.85,0.19,23.49,122
0,0,4,0.7,10,0.01,0,100,3.23,0,25.74,120
0,0,5,0.7,52,0.2,33.91,89.53,12.92,0.31,22.14,115
0,0,6,0.9,14,0.86,58.31,47.52,12.96,0.71,18.72,120
0,0,6,0.7,16,0,42.76,66.47,9.72,0.64,21.06,94
0,0,6,0.6,10,0.61,66.47,50.29,19.27,0.69,18.99,106
0,0,5,0.8,14,0.74,0,100,3.22,0,25.83,114
0,0,4,0.6,10,0.98,10.6,97.11,9.63,0.13,25.02,102
0,0,5,0.6,16,0,8.8,97.95,6.52,0.1,24.66,102
0,0,5,0.7,6,0.02,21.32,89.53,9.69,0.33,23.31,122
0,0,4,0.7,11,0,70.94,70.55,16.2,0.6,18,108
0,0,2,0.1,2,0.02,20.23,95.66,6.42,0.18,23.76,103
0,0,3,0.2,2,0.47,106.94,86.71,67.44,0.48,15.93,99
0,0,2,0.6,3,0.15,57,92.17,19.32,0.36,20.34,98
0,0,3,0.2,8,0.38,69.57,62.03,16.1,0.54,18.54,111
0,0,4,0.8,3,0.35,21.26,84.35,6.44,0.43,22.86,90
0,0,3,0,0,0.11,48.45,85.47,16.15,0.41,21.42,115
0,0,2,0.1,4,0.51,10.69,97.08,6.48,0.13,24.48,112
0,0,2,0.2,5,0,0,100,3.21,0,25.92,112
0,0,3,0.05,2,0.46,33.91,50.29,12.92,0.71,21.51,125
0,0,3,0.2,2,0.45,26.97,76.88,6.42,0.54,22.68,120
0,0,5,0.7,4,0.32,38.76,85.76,16.15,0.5,21.69,122
0,0,2,0.6,12,0.59,15.5,98.26,12.92,0.1,24.03,117
0,0,9,0.8,3,0.69,40.58,85.8,16.1,0.53,21.6,99
0,0,9,0.9,26,0.67,0,100,3.22,0,25.74,107
0,0,9,0.95,18,0,0,100,3.22,0,25.83,121
0,0,12,0.9,21,0.04,0,100,3.23,0,25.74,112
0,0,4,0.75,2,0.14,0,100,3.22,0,25.83,107
0,0,3,0.7,10,0.13,3.86,99.71,6.44,0.02,25.38,122
0,0,6,0.5,2,0.86,80.92,75.72,9.63,0.55,16.56,118
0,0,3,0.7,6,0,0,100,3.21,0,25.92,125
0,0,6,0.3,12,0.72,149.76,50.72,45.09,1.03,11.97,66
0,0,6,0.6,14,0.95,41.79,58.89,9.72,0.67,21.06,163
0,0,10,0.5,7,0.6,2.9,99.71,6.44,0.02,25.65,102
0,0,9,0.5,8,0.69,94.14,65.13,16.01,0.65,16.11,162
0,0,8,0.6,2,0.95,70.33,71.39,22.48,0.62,19.44,123
0,0,6,0.9,16,0.9,10.63,98.26,6.44,0.09,25.02,95
0,0,5,0.9,10,0.99,8.65,98.56,6.4,0.08,25.02,100
0,0,6,0.8,24,0.54,17.44,97.38,9.69,0.13,23.94,87
0,0,6,0.8,2,0.58,65.89,88.66,35.53,0.42,18.9,102
0,0,6,0.7,6,0,0,100,3.23,0,25.65,116
0,0,4,0.6,12,0.68,70.88,51.44,12.77,0.69,17.46,134
0,0,4,0.6,6,0.58,75.14,64.16,6.42,0.65,17.1,118
0,0,5,0.6,16,0.92,20.35,94.77,16.15,0.21,23.85,95
0,0,3,0.6,6,0.19,197.5,38.15,57.8,1.22,7.65,116
0,0,3,0.7,12,0.63,32.76,95.09,12.85,0.23,23.22,94
0,0,4,0.8,5,0.52,43.35,84.1,6.42,0.44,20.97,116
0,0,2,0.95,6,0.11,11.63,96.22,6.46,0.16,24.57,92
0,0,3,0.7,15,0.1,3.86,99.71,6.44,0.02,25.29,118
0,0,3,0.6,2,0.88,121.74,47.25,16.1,0.69,11.88,123
0,0,3,0.5,2,0.71,102.42,48.7,19.32,0.87,14.94,117
0,0,3,0.8,2,0.54,24.15,78.26,6.44,0.52,22.41,112
0,0,3,0.8,40,0.01,39.5,75.43,9.63,0.55,21.6,110
0,0,4,0.8,2,0.09,37.79,94.77,19.38,0.22,21.51,117
0,0,7,0.8,11,0.19,0,100,3.22,0,25.74,83
0,0,3,0.8,11,0.1,59.28,83.67,12.96,0.48,18.99,127
0,0,4,0.7,14,0.33,61.84,85.8,12.88,0.41,19.44,102
0,0,4,0.7,4,0,0,100,3.22,0,25.83,146
0,0,5,0.8,10,0,21.32,92.73,9.69,0.26,23.4,110
0,0,5,0.8,6,0.83,51.36,72.97,12.92,0.58,20.25,140
0,0,5,0.6,8,0.58,44.57,55.81,9.69,0.69,20.88,178
0,0,4,0.8,5,0.99,52.02,61.27,9.63,0.59,20.16,138
0,0,3,0.8,4,1,53.95,70.52,25.69,0.64,19.8,100
0,0,4,0.8,13,0.9,35.75,71.01,16.1,0.62,21.69,119
0,0,5,0.7,8,0.73,56.37,70.26,25.92,0.67,19.98,97
0,0,5,0.7,11,0.93,18.41,91.28,6.46,0.3,23.85,95
0,0,4,0.8,11,0.19,53.29,87.21,16.15,0.41,19.98,102
0,0,3,0.8,12,0.84,44.44,91.01,28.99,0.32,21.87,104
0,0,3,0.6,4,0.91,35.85,79.65,16.15,0.52,21.51,139
0,0,6,0.85,20,0,33.82,95.36,22.54,0.19,22.86,92
0,0,7,0.95,34,0.58,41.67,78.2,22.61,0.57,21.33,119
0,0,7,0.9,22,0.93,38.76,78.49,9.69,0.51,21.6,112
0,0,6,0.9,18,0.71,5.8,99.13,6.44,0.05,25.47,115
0,0,4,0.8,6,0.17,98.55,54.78,28.99,0.98,15.21,106
0,0,4,0.85,22,0.05,0,100,3.23,0,25.74,89
0,0,5,0.8,7,0,79,70.52,22.48,0.59,17.01,104
0,0,5,0.6,14,0.77,51.06,80.35,12.85,0.5,20.34,99
0,0,6,0.8,10,0.97,37.46,73.49,6.4,0.58,21.78,97
0,0,2,0.7,8,0.88,52.02,58.96,12.85,0.68,19.17,106
0,0,6,0.8,11,0.33,24.22,89.24,6.46,0.34,23.04,107
